Apple ID Number,Order Number,Item Purchased Date,Content Type,Item Reference Number,Item Description,Seller,Device Identifier,Device Details,Device IP Address
405952270,R8HD1B40DM4,2020-06-25T12:44:59Z,iOS and tvOS Apps,426826309,"Strava: Run, Ride, Swim",Strava Inc.,00008020-00160D100268002E,"AppStore/3.0 iOS/13.5.1 model/iPhone11,2 hwp/t8020 build/17F80 (6; dt:185) AMS/1",136.55.167.178
405952270,R8HD06Q0DF8,2020-06-17T17:14:45Z,Mac Apps,408981434,iMovie,Apple Inc.,6C96CFD93F65,MacAppStore/3.0 MacAppStore/3.0 (Macintosh; OS X 10.15.5; 19F101) AppleWebKit/5609.2.9.1.2 AMS/1 (dt:1),130.207.218.196
405952270,R8HBSLL57KT,2020-05-02T00:23:40Z,iOS and tvOS Apps,1113153706,Microsoft Teams,Microsoft Corporation,00008020-00160D100268002E,"AppStore/3.0 iOS/13.3.1 model/iPhone11,2 hwp/t8020 build/17D50 (6; dt:185) AMS/1",136.55.40.7
405952270,R8HBQF7M49F,2020-04-23T15:41:57Z,iOS and tvOS Apps,338137227,Walmart - shopping & grocery,Walmart,00008020-00160D100268002E,"AppStore/3.0 iOS/13.3.1 model/iPhone11,2 hwp/t8020 build/17D50 (6; dt:185) AMS/1",136.55.167.178
405952270,R8HBMNKQY23,2020-04-10T18:22:48Z,iOS and tvOS Apps,409625068,Instant Heart Rate: HR Monitor,"AZUMIO, inovacije v elektroniki in informacijskih tehnologijah d.o.o.",00008020-00160D100268002E,"AppStore/3.0 iOS/13.3.1 model/iPhone11,2 hwp/t8020 build/17D50 (6; dt:185) AMS/1",73.232.114.111
405952270,R8HBM468LB9,2020-04-06T23:57:01Z,iOS and tvOS Apps,502658998,Favor: Local Delivery Service,NeighborFavor Inc.,00008020-00160D100268002E,"AppStore/3.0 iOS/13.3.1 model/iPhone11,2 hwp/t8020 build/17D50 (6; dt:185) AMS/1",73.232.114.111
405952270,R8HBLT0LNSW,2020-04-04T02:01:25Z,Mac Apps,1465346522,Sneaky Sasquatch,RAC7 Games,6C96CFD93F65,MacAppStore/3.0 MacAppStore/3.0 (Macintosh; OS X 10.15.4; 19E266) AppleWebKit/5609.1.20.111.8 AMS/1 (dt:1),73.232.114.111
405952270,R8HBLSNYG5V,2020-04-04T00:12:28Z,Mac Apps,1464797208,Red Reign,Ninja Kiwi Limited,6C96CFD93F65,MacAppStore/3.0 MacAppStore/3.0 (Macintosh; OS X 10.15.4; 19E266) AppleWebKit/5609.1.20.111.8 AMS/1 (dt:1),73.232.114.111
405952270,R8HBLSNY49F,2020-04-04T00:12:20Z,Mac Apps,1476339985,Speed Demons,Radiangames Inc,6C96CFD93F65,MacAppStore/3.0 MacAppStore/3.0 (Macintosh; OS X 10.15.4; 19E266) AppleWebKit/5609.1.20.111.8 AMS/1 (dt:1),73.232.114.111
405952270,R8HBKVJ14VM,2020-03-28T18:51:08Z,iOS and tvOS Apps,1252497129,PictureThis - Plant Identifier,Glority Global Group Ltd.,00008020-00160D100268002E,"AppStore/3.0 iOS/13.3.1 model/iPhone11,2 hwp/t8020 build/17D50 (6; dt:185) AMS/1",174.235.0.91
405952270,R8HBKJH1S10,2020-03-26T16:03:46Z,iOS and tvOS Apps,1382530817,"Centr, by Chris Hemsworth",Loup Pty Ltd,00008020-00160D100268002E,"AppStore/3.0 iOS/13.3.1 model/iPhone11,2 hwp/t8020 build/17D50 (6; dt:185) AMS/1",73.232.114.111
405952270,R8HBK3DLM9G,2020-03-23T19:27:18Z,iOS and tvOS Apps,298844386,Cisco Webex Meetings,Cisco,00008020-00160D100268002E,"AppStore/3.0 iOS/13.3.1 model/iPhone11,2 hwp/t8020 build/17D50 (6; dt:185) AMS/1",174.240.8.4
405952270,R8HBK0JXZ7M,2020-03-22T22:23:28Z,iOS and tvOS Apps,546505307,ZOOM Cloud Meetings,"Zoom Video Communications, Inc.",00008020-00160D100268002E,"AppStore/3.0 iOS/13.3.1 model/iPhone11,2 hwp/t8020 build/17D50 (6; dt:185) AMS/1",76.31.202.207
405952270,R8HBJ1740QW,2020-03-15T15:49:55Z,iOS and tvOS Apps,835599320,TikTok - Make Your Day,TikTok Inc.,00008020-00160D100268002E,"AppStore/3.0 iOS/13.3.1 model/iPhone11,2 hwp/t8020 build/17D50 (6; dt:185) AMS/1",136.55.167.178
405952270,R8HBGQND7SH,2020-03-05T21:57:56Z,iOS and tvOS Apps,455004730,Marriott Bonvoy,Marriott International,00008020-00160D100268002E,"com.apple.AppStore.ProductPageExtension/1.0 iOS/13.3.1 model/iPhone11,2 hwp/t8020 build/17D50 (6; dt:185) AMS/1",130.207.218.196
405952270,R8HBGQN1DYL,2020-03-05T21:53:21Z,iOS and tvOS Apps,1456169098,Hertz Car Rental,The Hertz Corporation,00008020-00160D100268002E,"AppStore/3.0 iOS/13.3.1 model/iPhone11,2 hwp/t8020 build/17D50 (6; dt:185) AMS/1",130.207.218.196
405952270,R8HBFGVF114,2020-02-25T19:34:23Z,iOS and tvOS Apps,493145008,Headspace: Meditation & Sleep,Headspace Inc.,00008020-00160D100268002E,"AppStore/3.0 iOS/13.3.1 model/iPhone11,2 hwp/t8020 build/17D50 (6; dt:185) AMS/1",2600:1005:b042:a57b:897:13cc:3468:2b65
405952270,R8HBB933T6N,2020-02-07T15:52:50Z,iOS and tvOS Apps,485357017,GoodRx: Prescription Coupons,"GoodRx, Inc.",00008020-00160D100268002E,"AppStore/3.0 iOS/13.3 model/iPhone11,2 hwp/t8020 build/17C54 (6; dt:185) AMS/1",2600:1005:b06e:3723:101b:7444:5b64:c9c4
405952270,R8HB8BV09F4,2020-01-22T02:17:07Z,iOS and tvOS Apps,1064216828,Reddit,"REDDIT, INC.",00008020-00160D100268002E,"AppStore/3.0 iOS/13.3 model/iPhone11,2 hwp/t8020 build/17C54 (6; dt:185) AMS/1",136.55.167.178
405952270,R8HB6TKN4HH,2020-01-08T04:49:54Z,iOS and tvOS Apps,1451810395,Vegas Craps by Pokerist,KamaGames,00008020-00160D100268002E,"AppStore/3.0 iOS/13.3 model/iPhone11,2 hwp/t8020 build/17C54 (6; dt:185) AMS/1",136.179.21.69
405952270,R8HB6N547NY,2020-01-07T01:34:36Z,iOS and tvOS Apps,928640355,CES 2020,Consumer Technology Association,00008020-00160D100268002E,"AppStore/3.0 iOS/13.3 model/iPhone11,2 hwp/t8020 build/17C54 (6; dt:185) AMS/1",136.179.21.68
405952270,R8HB5D5SH6N,2019-12-22T17:52:20Z,iOS and tvOS Apps,878153416,Fronius Solar.web Live,FRONIUS International GmbH,00008020-00160D100268002E,"AppStore/3.0 iOS/13.3 model/iPhone11,2 hwp/t8020 build/17C54 (6; dt:185) AMS/1",174.235.7.76
405952270,R8HB5D0NHG3,2019-12-22T16:19:00Z,iOS and tvOS Apps,1186159417,TP-Link Deco,"TP-Link Technologies Co., Ltd.",00008020-00160D100268002E,"AppStore/3.0 iOS/13.3 model/iPhone11,2 hwp/t8020 build/17C54 (6; dt:185) AMS/1",174.235.7.76
405952270,R8HB3M2NMHJ,2019-12-08T23:38:43Z,iOS and tvOS Apps,327962480,Redfin Buy & Sell Real Estate,Redfin Corporation,00008020-00160D100268002E,"AppStore/3.0 iOS/13.1.3 model/iPhone11,2 hwp/t8020 build/17A878 (6; dt:185) AMS/1",136.55.40.7
405952270,R8HB2FT3VN2,2019-11-27T14:44:45Z,iOS and tvOS Apps,1446075923,Disney+,"Disney Electronic Content, Inc.",00008020-00160D100268002E,"AppStore/3.0 iOS/13.1.3 model/iPhone11,2 hwp/t8020 build/17A878 (6; dt:185) AMS/1",73.232.114.111
405952270,R8HB08X77JQ,2019-11-09T12:05:51Z,iOS and tvOS Apps,564842283,TunnelBear: Secure VPN & Wifi,"TunnelBear, LLC",00008020-00160D100268002E,"AppStore/3.0 iOS/13.1.3 model/iPhone11,2 hwp/t8020 build/17A878 (6; dt:185) AMS/1",84.207.203.52
405952270,R8HB08WQ6NK,2019-11-09T11:57:57Z,iOS and tvOS Apps,905953485,NordVPN: VPN Fast & Secure,Tefincom SA,00008020-00160D100268002E,"AppStore/3.0 iOS/13.1.3 model/iPhone11,2 hwp/t8020 build/17A878 (6; dt:185) AMS/1",84.207.203.52
405952270,R8H9ZFND1Y0,2019-11-01T21:47:21Z,iOS and tvOS Apps,541403633,RENTCafe Resident,"Yardi Systems, Inc.",00008020-00160D100268002E,"AppStore/3.0 iOS/13.1.3 model/iPhone11,2 hwp/t8020 build/17A878 (6; dt:185) AMS/1",70.158.100.46
405952270,R8H9Z20KL3F,2019-10-29T15:55:00Z,iOS and tvOS Apps,366562751,StubHub: Event Tickets,"Stubhub, Inc",00008020-00160D100268002E,"com.apple.AppStore.ProductPageExtension/1.0 iOS/13.1.3 model/iPhone11,2 hwp/t8020 build/17A878 (6; dt:185) AMS/1",130.207.218.196
405952270,R8H9XV06D44,2019-10-18T17:31:43Z,Mac Apps,1385985095,uBlock,"uBlock, LLC",6C96CFD93F65,MacAppStore/3.0 MacAppStore/3.0 (Macintosh; OS X 10.15; 19A583) AppleWebKit/5608.2.30.1.1 AMS/1 (dt:1),130.207.218.196
405952270,R8H9V05LJBT,2019-09-22T20:26:48Z,iOS and tvOS Apps,418987775,"TuneIn Radio: Live News, Music",TuneIn,00008020-00160D100268002E,"AppStore/3.0 iOS/12.4.1 model/iPhone11,2 hwp/t8020 build/16G102 (6; dt:185)",136.55.186.35
405952270,R8H9SDKFXJX,2019-09-02T20:32:42Z,iOS and tvOS Apps,368217298,IHG® Hotel Deals & Rewards,"Six Continents Hotels, Inc",00008020-00160D100268002E,"AppStore/3.0 iOS/12.4 model/iPhone11,2 hwp/t8020 build/16G77 (6; dt:185)",73.7.147.41
405952270,R8H9S4X82TJ,2019-08-29T23:08:11Z,iOS and tvOS Apps,962194608,Google Photos,Google LLC,00008020-00160D100268002E,"AppStore/3.0 iOS/12.4 model/iPhone11,2 hwp/t8020 build/16G77 (6; dt:185)",174.208.21.239
405952270,R8H9QQ500HT,2019-08-23T17:01:53Z,iOS and tvOS Apps,489191124,Imaging Edge Mobile,Sony Imaging Products & Solutions Inc.,00008020-00160D100268002E,"AppStore/3.0 iOS/12.4 model/iPhone11,2 hwp/t8020 build/16G77 (6; dt:185)",73.232.114.111
405952270,R8H9Q1H81JY,2019-08-14T19:06:51Z,iOS and tvOS Apps,535886823,Google Chrome,Google LLC,00008020-00160D100268002E,"com.apple.AppStore.ProductPageExtension/1.0 iOS/12.4 model/iPhone11,2 hwp/t8020 build/16G77 (6; dt:185)",174.218.4.33
405952270,R8H9NLBSH4N,2019-08-09T00:33:16Z,iOS and tvOS Apps,1200318119,QR Code Reader ·,TinyLab,00008020-00160D100268002E,"AppStore/3.0 iOS/12.3.1 model/iPhone11,2 hwp/t8020 build/16F203 (6; dt:185)",136.55.227.15
405952270,R8H9N4WYJ98,2019-08-02T13:10:55Z,Mac Apps,1342896380,Hex Fiend,Peter Ammon,6C96CFD93F65,MacAppStore/3.0 (Macintosh; OS X 10.14.5; 18F132) AppleWebKit/4607.2.6.1.1 CommerceKit/708.4.2,130.207.218.196
405952270,R8H9N4WFGJ8,2019-08-02T12:59:05Z,Mac Apps,909566003,iHex - Hex Editor,LI JIANYU,6C96CFD93F65,MacAppStore/3.0 (Macintosh; OS X 10.14.5; 18F132) AppleWebKit/4607.2.6.1.1 CommerceKit/708.4.2,130.207.218.196
405952270,R8H9LZ3QT96,2019-07-16T22:09:17Z,iOS and tvOS Apps,1180884341,FaceApp - AI Face Editor,FaceApp Inc,00008020-00160D100268002E,"AppStore/3.0 iOS/12.3.1 model/iPhone11,2 hwp/t8020 build/16F203 (6; dt:185)",130.207.218.197
405952270,R8H9L6KML8S,2019-07-06T16:10:05Z,iOS and tvOS Apps,1436759379,Grindhouse Killer Burgers,Grindhouse Restaurant Group Atlanta LLC,00008020-00160D100268002E,"AppStore/3.0 iOS/12.3.1 model/iPhone11,2 hwp/t8020 build/16F203 (6; dt:185)",136.55.182.3
405952270,R8H9KYBBMDB,2019-07-02T14:23:51Z,Mac Apps,497799835,Xcode,Apple Inc.,6C96CFD93F65,"MacAppStore/3.0 (Macintosh; OS X 10.14.5; 18F132) AppleWebKit/4607.2.6.1.1 CommerceKit/708.4.2 ",130.207.218.196
405952270,R8H9KDV396D,2019-06-25T23:31:49Z,Mac Apps,1295203466,Microsoft Remote Desktop,Microsoft Corporation,6C96CFD93F65,"MacAppStore/3.0 (Macintosh; OS X 10.14.5; 18F132) AppleWebKit/4607.2.6.1.1 CommerceKit/708.4.2 ",136.55.182.3
405952270,R8H9K8DY2J7,2019-06-24T13:55:07Z,iOS and tvOS Apps,1452352832,Harry Potter: Wizards Unite,"Niantic, Inc.",00008020-00160D100268002E,"AppStore/3.0 iOS/12.3.1 model/iPhone11,2 hwp/t8020 build/16F203 (6; dt:185)",130.207.218.197
405952270,R8H9J92LQ56,2019-06-10T21:22:03Z,iOS and tvOS Apps,789844385,TickPick: No Fee Tickets,TickPick LLC,00008020-00160D100268002E,"AppStore/3.0 iOS/12.3.1 model/iPhone11,2 hwp/t8020 build/16F203 (6; dt:185)",136.55.182.3
405952270,R8H9H4YSVJD,2019-05-25T21:18:20Z,iOS and tvOS Apps,357828853,Ultimate Guitar: Chords & Tabs,Ultimate Guitar,00008020-00160D100268002E,"AppStore/3.0 iOS/12.2 model/iPhone11,2 hwp/t8020 build/16E227 (6; dt:185)",136.55.182.3
405952270,R8H9GYJX8FV,2019-05-23T02:02:28Z,iOS and tvOS Apps,640607231,AMI Music,"AMI Entertainment Network, Inc",00008020-00160D100268002E,"AppStore/3.0 iOS/12.2 model/iPhone11,2 hwp/t8020 build/16E227 (6; dt:185)",209.222.118.58
405952270,R8H9GQ5QW72,2019-05-20T02:19:11Z,iOS and tvOS Apps,635150066,Hilton Honors: Book Hotels,"Hilton Worldwide, Inc.",00008020-00160D100268002E,"com.apple.AppStore.ProductPageExtension/1.0 iOS/12.2 model/iPhone11,2 hwp/t8020 build/16E227 (6; dt:185)",174.222.137.220
405952270,R8H9GHK2ZDG,2019-05-17T12:44:20Z,iOS and tvOS Apps,1036898971,Rocketbook App,"Rocket Innovations, Inc.",00008020-00160D100268002E,"AppStore/3.0 iOS/12.2 model/iPhone11,2 hwp/t8020 build/16E227 (6; dt:185)",130.207.218.197
405952270,R8H9G3S82YD,2019-05-11T17:41:06Z,iOS and tvOS Apps,365399299,ParkMobile - Find Parking,"Parkmobile USA, Inc",00008020-00160D100268002E,"AppStore/3.0 iOS/12.2 model/iPhone11,2 hwp/t8020 build/16E227 (6; dt:185)",174.218.1.208
405952270,R8H9DLX28VJ,2019-04-20T01:27:27Z,iOS and tvOS Apps,604921715,Four In A Row - Classic Games,OutOfTheBit Ltd,00008020-00160D100268002E,"AppStore/3.0 iOS/12.2 model/iPhone11,2 hwp/t8020 build/16E227 (6; dt:185)",73.232.114.111
405952270,R8H97WJ40MD,2019-02-25T18:55:59Z,iOS and tvOS Apps,904516921,GuideOn Military,GA OneDot Solutions LLC,00008020-00160D100268002E,"AppStore/3.0 iOS/12.1.4 model/iPhone11,2 hwp/t8020 build/16D57 (6; dt:185)",174.218.12.192
405952270,R8H96YH835J,2019-02-11T14:13:45Z,iOS and tvOS Apps,1433999024,Alliance of American Football,Ebersol Sports Media Group Inc,00008020-00160D100268002E,"AppStore/3.0 iOS/12.1.2 model/iPhone11,2 hwp/t8020 build/16C101 (6; dt:185)",130.207.218.197
405952270,R8H967KS62S,2019-01-31T20:38:21Z,iOS and tvOS Apps,1221763603,BLE Scanner 4.0,BLUEPIXEL TECHNOLOGIES LLP,00008020-00160D100268002E,"AppStore/3.0 iOS/12.1.2 model/iPhone11,2 hwp/t8020 build/16C101 (6; dt:185)",130.207.218.197
405952270,R8H93ZM4X3F,2018-12-24T09:55:05Z,iOS and tvOS Apps,847492141,Score! Hero,First Touch Games Ltd.,00008020-00160D100268002E,"AppStore/3.0 iOS/12.1 model/iPhone11,2 hwp/t8020 build/16B92 (6; dt:185)",210.169.117.125
405952270,R8H93Y2VKVK,2018-12-23T09:02:18Z,iOS and tvOS Apps,1049711205,Lively - Live Photo to GIF,Tiny Whale Pte. Ltd.,00008020-00160D100268002E,"AppStore/3.0 iOS/12.1 model/iPhone11,2 hwp/t8020 build/16B92 (6; dt:185)",210.169.117.125
405952270,R8H93BMY030,2018-12-16T16:19:32Z,iOS and tvOS Apps,427916203,"Expedia: Hotels, Flights & Car","Expedia, Inc.",00008020-00160D100268002E,"AppStore/3.0 iOS/12.1 model/iPhone11,2 hwp/t8020 build/16B92 (6; dt:185)",24.30.113.75
405952270,R8H939BQ4ZM,2018-12-15T23:25:22Z,iOS and tvOS Apps,886455839,Detour - Immersive Audio Tours,"DETOUR.COM, INC.",00008020-00160D100268002E,"AppStore/3.0 iOS/12.1 model/iPhone11,2 hwp/t8020 build/16B92 (6; dt:185)",174.218.135.212
405952270,R8H933KN34Y,2018-12-13T03:07:08Z,iOS and tvOS Apps,650377962,VLC for Mobile,VideoLAN,00008020-00160D100268002E,"AppStore/3.0 iOS/12.1 model/iPhone11,2 hwp/t8020 build/16B92 (6; dt:185)",24.30.113.75
405952270,R8H930M74ZJ,2018-12-11T18:44:08Z,iOS and tvOS Apps,510623322,MAPS.ME – Offline Maps & GPS,My.com B.V.,00008020-00160D100268002E,"AppStore/3.0 iOS/12.1 model/iPhone11,2 hwp/t8020 build/16B92 (6; dt:185)",130.207.218.197
405952270,R8H92G28H0J,2018-12-03T00:12:54Z,iOS and tvOS Apps,767268733,"FXNOW: Movies, Shows & Live TV","Disney Electronic Content, Inc.",00008020-00160D100268002E,"AppStore/3.0 iOS/12.1 model/iPhone11,2 hwp/t8020 build/16B92 (6; dt:185)",174.218.25.179
405952270,R8H9212X5DW,2018-11-25T23:05:12Z,iOS and tvOS Apps,367003839,Booking.com: Hotels & Travel,Booking.com B.V.,00008020-00160D100268002E,"AppStore/3.0 iOS/12.1 model/iPhone11,2 hwp/t8020 build/16B92 (6; dt:185)",64.125.109.186
405952270,R8H91TQ606W,2018-11-21T20:03:03Z,iOS and tvOS Apps,293523031,Sonos S1 Controller,"Sonos, Inc.",00008020-00160D100268002E,"AppStore/3.0 iOS/12.1 model/iPhone11,2 hwp/t8020 build/16B92 (6; dt:185)",73.232.114.111
405952270,R8H91TK2X1N,2018-11-21T18:15:43Z,iOS and tvOS Apps,1178765645,Xfinity xFi,Comcast Interactive Media,00008020-00160D100268002E,"AppStore/3.0 iOS/12.1 model/iPhone11,2 hwp/t8020 build/16B92 (6; dt:185)",73.232.114.111
405952270,R8H8Z7558XY,2018-10-17T00:01:55Z,iOS and tvOS Apps,462780547,Watch TBS,"Turner Broadcasting System, Inc.",00008020-00160D100268002E,"AppStore/3.0 iOS/12.0 model/iPhone11,2 hwp/t8020 build/16A366 (6; dt:185)",24.30.113.75
405952270,R8H8XTY163B,2018-09-25T21:52:46Z,iOS and tvOS Apps,1199780189,Lime - Your Ride Anytime,Neutron Holdings. Inc.,d798ce08255eac76bd946dc3f0321b33036efcdc,"StoreKitUIService/1.0 iOS/11.4.1 model/iPhone8,1 hwp/s8003 build/15G77 (6; dt:141)",174.218.132.36
405952270,R8H8WQ0GK9L,2018-09-09T19:32:53Z,iOS and tvOS Apps,323701765,RADIO.COM,Entercom Communications Corp.,d798ce08255eac76bd946dc3f0321b33036efcdc,"AppStore/3.0 iOS/11.4.1 model/iPhone8,1 hwp/s8003 build/15G77 (6; dt:141)",70.158.100.208
405952270,R8H8W6K7D63,2018-09-03T03:04:12Z,iOS and tvOS Apps,545519333,Amazon Prime Video,AMZN Mobile LLC,d798ce08255eac76bd946dc3f0321b33036efcdc,"com.apple.AppStore.ProductPageExtension/1.0 iOS/11.4.1 model/iPhone8,1 hwp/s8003 build/15G77 (6; dt:141)",24.30.113.75
405952270,R8H8W591LBQ,2018-09-02T03:01:07Z,iOS and tvOS Apps,640360962,Nextdoor: Local Neighborhood,"Nextdoor.com, Inc.",d798ce08255eac76bd946dc3f0321b33036efcdc,"AppStore/3.0 iOS/11.4.1 model/iPhone8,1 hwp/s8003 build/15G77 (6; dt:141)",174.218.141.252
405952270,R8H8VYGWH3N,2018-08-29T19:14:44Z,iOS and tvOS Apps,513135722,MLB Ballpark,Major League Baseball Advanced Media,d798ce08255eac76bd946dc3f0321b33036efcdc,"AppStore/3.0 iOS/11.4.1 model/iPhone8,1 hwp/s8003 build/15G77 (6; dt:141)",130.207.218.197
405952270,R8H8VYGM4QZ,2018-08-29T19:09:53Z,iOS and tvOS Apps,500003565,"Ticketmaster－Buy, Sell Tickets",Ticketmaster L.L.C,d798ce08255eac76bd946dc3f0321b33036efcdc,"AppStore/3.0 iOS/11.4.1 model/iPhone8,1 hwp/s8003 build/15G77 (6; dt:141)",130.207.218.197
405952270,R8H8VMWDHX7,2018-08-25T17:39:35Z,iOS and tvOS Apps,414706506,Google Translate,Google LLC,d798ce08255eac76bd946dc3f0321b33036efcdc,"AppStore/3.0 iOS/11.4.1 model/iPhone8,1 hwp/s8003 build/15G77 (6; dt:141)",38.72.124.163
405952270,R8H8NYBY671,2018-07-02T17:20:09Z,iOS and tvOS Apps,557428110,LightBlue®,Punch Through Design LLC,d798ce08255eac76bd946dc3f0321b33036efcdc,"AppStore/3.0 iOS/11.4 model/iPhone8,1 hwp/s8003 build/15F79 (6; dt:141)",130.207.218.197
405952270,R8H8NF2Y085,2018-06-25T16:24:27Z,iOS and tvOS Apps,1345996511,MyItinerary by ScholarOne,Clarivate Analytics (US) LLC,d798ce08255eac76bd946dc3f0321b33036efcdc,"AppStore/3.0 iOS/11.4 model/iPhone8,1 hwp/s8003 build/15F79 (6; dt:141)",174.218.141.110
405952270,R8H8MQ69F7M,2018-06-14T18:41:19Z,iOS and tvOS Apps,349731802,Progressive,Progressive Insurance,d798ce08255eac76bd946dc3f0321b33036efcdc,"AppStore/3.0 iOS/11.3 model/iPhone8,1 hwp/s8003 build/15E216 (6; dt:141)",24.30.113.75
405952270,R8H8LNL8F2X,2018-05-30T21:04:15Z,iOS and tvOS Apps,1136945620,Rally Rd.,"RSE Markets, Inc.",d798ce08255eac76bd946dc3f0321b33036efcdc,"AppStore/3.0 iOS/11.3 model/iPhone8,1 hwp/s8003 build/15E216 (6; dt:141)",130.207.218.197
405952270,R8H8KH09WXX,2018-05-12T18:07:50Z,iOS and tvOS Apps,630687854,Gametime - Last Minute Tickets,Gametime United Inc.,d798ce08255eac76bd946dc3f0321b33036efcdc,"AppStore/3.0 iOS/11.3 model/iPhone8,1 hwp/s8003 build/15E216 (6; dt:141)",73.76.250.72
405952270,R8H8K6XH58J,2018-05-08T14:58:11Z,iOS and tvOS Apps,556183291,MoviePass,Moviepass Inc,d798ce08255eac76bd946dc3f0321b33036efcdc,"AppStore/3.0 iOS/11.3 model/iPhone8,1 hwp/s8003 build/15E216 (6; dt:141)",130.207.218.197
405952270,R8H8K0WDYGK,2018-05-04T23:30:10Z,iOS and tvOS Apps,1260842311,"Bird - Be Free, Enjoy the Ride","Bird Rides, Inc.",d798ce08255eac76bd946dc3f0321b33036efcdc,"AppStore/3.0 iOS/11.3 model/iPhone8,1 hwp/s8003 build/15E216 (6; dt:141)",174.218.19.100
405952270,R8H8JSWQWZG,2018-05-01T21:57:47Z,iOS and tvOS Apps,555063314,Turo - Better Than Car Rental,Turo Inc.,d798ce08255eac76bd946dc3f0321b33036efcdc,"com.apple.AppStore.ProductPageExtension/1.0 iOS/11.3 model/iPhone8,1 hwp/s8003 build/15E216 (6; dt:141)",130.207.218.197
405952270,R8H8JDZMQX3,2018-04-26T01:17:01Z,iOS and tvOS Apps,582086173,GovCon Time & Expense,"Deltek, Inc.",d798ce08255eac76bd946dc3f0321b33036efcdc,"AppStore/3.0 iOS/11.3 model/iPhone8,1 hwp/s8003 build/15E216 (6; dt:141)",174.238.41.128
405952270,R8H8J4L11LY,2018-04-21T21:45:03Z,iOS and tvOS Apps,588722840,SportsManias: Emojis & Fantasy,Ante Diem LLC,d798ce08255eac76bd946dc3f0321b33036efcdc,"com.apple.AppStore.ProductPageExtension/1.0 iOS/11.3 model/iPhone8,1 hwp/s8003 build/15E216 (6; dt:141)",73.7.212.127
405952270,R8H8J4GZK06,2018-04-21T19:14:16Z,iOS and tvOS Apps,904052407,Hopper - Flight & Hotel Deals,Hopper Inc.,d798ce08255eac76bd946dc3f0321b33036efcdc,"com.apple.AppStore.ProductPageExtension/1.0 iOS/11.3 model/iPhone8,1 hwp/s8003 build/15E216 (6; dt:141)",73.7.212.127
405952270,R8H8HSBV93T,2018-04-16T00:20:40Z,iOS and tvOS Apps,465613917,Bubble Level for iPhone,Lemondo Ltd.,d798ce08255eac76bd946dc3f0321b33036efcdc,"AppStore/3.0 iOS/11.3 model/iPhone8,1 hwp/s8003 build/15E216 (6; dt:141)",73.7.212.127
405952270,R8H8HDM8WW2,2018-04-10T16:33:13Z,iOS and tvOS Apps,420490216,MyMerrill,Merrill Lynch,d798ce08255eac76bd946dc3f0321b33036efcdc,"AppStore/3.0 iOS/11.3 model/iPhone8,1 hwp/s8003 build/15E216 (6; dt:141)",130.207.218.197
405952270,R8H8F64WSDJ,2018-03-08T02:14:43Z,iOS and tvOS Apps,1115225220,AmpliFi WiFi,"Ubiquiti Networks, Inc.",d798ce08255eac76bd946dc3f0321b33036efcdc,"AppStore/3.0 iOS/11.2.6 model/iPhone8,1 hwp/s8003 build/15D100 (6; dt:141)",73.7.212.127
405952270,R8H8B66JX9K,2018-02-04T16:17:35Z,iOS and tvOS Apps,405075943,"AllTrails: Hike, Bike & Run","AllTrails, Inc.",d798ce08255eac76bd946dc3f0321b33036efcdc,"AppStore/3.0 iOS/11.2.5 model/iPhone8,1 hwp/s8003 build/15D60 (6; dt:141)",174.238.41.19
405952270,R8H88758V8D,2018-01-02T20:13:10Z,iOS and tvOS Apps,323229106,Waze Navigation & Live Traffic,waze,d798ce08255eac76bd946dc3f0321b33036efcdc,"AppStore/3.0 iOS/11.2.1 model/iPhone8,1 hwp/s8003 build/15C153 (6; dt:141)",130.207.218.197
405952270,R8H87W8MKK6,2017-12-24T01:37:05Z,iOS and tvOS Apps,1091944550,slither.io,Lowtech Studios LLC,d798ce08255eac76bd946dc3f0321b33036efcdc,"AppStore/3.0 iOS/11.2.1 model/iPhone8,1 hwp/s8003 build/15C153 (6; dt:141)",174.207.8.163
405952270,R8H87V3M53Q,2017-12-23T05:18:52Z,iOS and tvOS Apps,292987597,White Noise Lite,TMSOFT,d798ce08255eac76bd946dc3f0321b33036efcdc,"AppStore/3.0 iOS/11.2.1 model/iPhone8,1 hwp/s8003 build/15C153 (6; dt:141)",174.207.22.122
405952270,R8H87GG516B,2017-12-18T04:03:06Z,iOS and tvOS Apps,314498713,Relax Melodies: Sleep Sounds,Ipnos Software Inc.,d798ce08255eac76bd946dc3f0321b33036efcdc,"com.apple.appstored/1.0 iOS/11.1.2 model/iPhone8,1 hwp/s8003 build/15B202 (6; dt:141)",66.108.39.29
405952270,R8H87G7KJTH,2017-12-18T00:14:43Z,iOS and tvOS Apps,1232278996,HQ Trivia,Intermedia Labs Inc.,d798ce08255eac76bd946dc3f0321b33036efcdc,"com.apple.appstored/1.0 iOS/11.1.2 model/iPhone8,1 hwp/s8003 build/15B202 (6; dt:141)",66.108.39.29
405952270,R8H87G3758Q,2017-12-17T21:01:50Z,iOS and tvOS Apps,917673135,AllPaws from PetSmart,"DCL Ventures, Inc.",d798ce08255eac76bd946dc3f0321b33036efcdc,"com.apple.appstored/1.0 iOS/11.1.2 model/iPhone8,1 hwp/s8003 build/15B202 (6; dt:141)",70.214.106.160
405952270,R8H877YDH5X,2017-12-14T21:53:57Z,iOS and tvOS Apps,1095737823,INWEGO - Ticket Membership,"Southern Experience, LLC",d798ce08255eac76bd946dc3f0321b33036efcdc,"com.apple.appstored/1.0 iOS/11.1.2 model/iPhone8,1 hwp/s8003 build/15B202 (6; dt:141)",130.207.218.197
405952270,R8H86YQVWWW,2017-12-09T21:36:55Z,iOS and tvOS Apps,804913240,Rapchat: Make a Hit Song,"Rapchat, Inc.",d798ce08255eac76bd946dc3f0321b33036efcdc,"com.apple.appstored/1.0 iOS/11.1.2 model/iPhone8,1 hwp/s8003 build/15B202 (6; dt:141)",174.218.148.120
405952270,R8H85Y8XBLM,2017-11-23T01:23:47Z,iOS and tvOS Apps,348177453,Fidelity Investments,Fidelity Investments,d798ce08255eac76bd946dc3f0321b33036efcdc,"com.apple.appstored/1.0 iOS/11.0.3 model/iPhone8,1 hwp/s8003 build/15A432 (6; dt:141)",73.166.181.55
405952270,R8H84WW8NVT,2017-11-07T01:12:48Z,iOS and tvOS Apps,657777015,Via: Low-Cost Ride-Sharing,"Via Transportation, Inc.",d798ce08255eac76bd946dc3f0321b33036efcdc,"com.apple.appstored/1.0 iOS/11.0.3 model/iPhone8,1 hwp/s8003 build/15A432 (6; dt:141)",174.238.2.252
405952270,R8H84N4D1KX,2017-11-03T13:20:51Z,iOS and tvOS Apps,675304115,National Car Rental,National Car Rental,d798ce08255eac76bd946dc3f0321b33036efcdc,"com.apple.appstored/1.0 iOS/11.0.3 model/iPhone8,1 hwp/s8003 build/15A432 (6; dt:141)",130.207.218.197
405952270,R8H83V4VH3F,2017-10-19T22:03:45Z,iOS and tvOS Apps,521207075,RetailMeNot: Coupons & Savings,"RetailMeNot, Inc.",d798ce08255eac76bd946dc3f0321b33036efcdc,"com.apple.appstored/1.0 iOS/11.0.3 model/iPhone8,1 hwp/s8003 build/15A432 (6; dt:141)",136.59.232.31
405952270,R8H8359MW3B,2017-10-08T21:19:09Z,iOS and tvOS Apps,335744614,NBA: Official App,NBA Digital,d798ce08255eac76bd946dc3f0321b33036efcdc,"com.apple.appstored/1.0 iOS/11.0.1 model/iPhone8,1 hwp/s8003 build/15A402 (6; dt:141)",136.59.232.31
405952270,R8H82HX42HW,2017-09-27T14:39:11Z,iOS and tvOS Apps,382698565,American Airlines,"American Airlines, Inc.",d798ce08255eac76bd946dc3f0321b33036efcdc,"com.apple.appstored/1.0 iOS/11.0 model/iPhone8,1 hwp/s8003 build/15A372 (6; dt:141)",130.207.218.197
405952270,R8H823QWZX7,2017-09-21T12:57:04Z,iOS and tvOS Apps,1057374225,PlayOn Cloud - Streaming DVR,"MediaMall Technologies, Inc.",d798ce08255eac76bd946dc3f0321b33036efcdc,"com.apple.appstored/1.0 iOS/11.0 model/iPhone8,1 hwp/s8003 build/15A372 (6; dt:141)",136.59.252.127
405952270,R8H81TWQY4D,2017-09-16T01:25:27Z,iOS and tvOS Apps,1250136390,My NBA 2K18,2K Sports,d798ce08255eac76bd946dc3f0321b33036efcdc,"com.apple.appstored/1.0 iOS/10.3.3 model/iPhone8,1 hwp/s8003 build/14G60 (6; dt:141)",136.59.252.127
405952270,R8H814BDB3X,2017-09-04T15:42:08Z,iOS and tvOS Apps,945077360,"Sling: Live TV, Shows & Movies",Sling TV LLC,d798ce08255eac76bd946dc3f0321b33036efcdc,"com.apple.appstored/1.0 iOS/10.3.3 model/iPhone8,1 hwp/s8003 build/14G60 (6; dt:141)",136.59.252.127
405952270,R8H8066ZDF3,2017-08-18T20:14:28Z,iOS and tvOS Apps,981810895,Spectrum Analyzer,"Music Breath, OOO",d798ce08255eac76bd946dc3f0321b33036efcdc,"com.apple.appstored/1.0 iOS/10.3.3 model/iPhone8,1 hwp/s8003 build/14G60 (6; dt:141)",174.218.141.238
405952270,R8H8061FLZG,2017-08-18T17:08:20Z,iOS and tvOS Apps,1096327341,Package Concierge,Package Concierge Inc,d798ce08255eac76bd946dc3f0321b33036efcdc,"com.apple.appstored/1.0 iOS/10.3.3 model/iPhone8,1 hwp/s8003 build/14G60 (6; dt:141)",130.207.218.197
405952270,R8H7ZXS75BW,2017-08-12T23:48:54Z,iOS and tvOS Apps,1031760854,Seated: #1 Dining Rewards App,Youpik Inc.,d798ce08255eac76bd946dc3f0321b33036efcdc,,174.218.144.141
405952270,R8H7ZLKY6VW,2017-08-08T01:23:18Z,iOS and tvOS Apps,975190420,AllModern,Wayfair LLC,d798ce08255eac76bd946dc3f0321b33036efcdc,,136.59.224.134
405952270,R8H7ZGJ5MV1,2017-08-04T22:17:50Z,iOS and tvOS Apps,464988855,Nest,"Nest Labs, Inc",d798ce08255eac76bd946dc3f0321b33036efcdc,,136.59.224.134
405952270,R8H7ZBF2F38,2017-08-02T21:51:20Z,iOS and tvOS Apps,836767708,Wayfair – Shop All Things Home,Wayfair LLC,d798ce08255eac76bd946dc3f0321b33036efcdc,,130.207.218.197
405952270,R8H7YF78KVS,2017-07-15T21:21:00Z,iOS and tvOS Apps,352114300,Hertz Car Rentals,The Hertz Corporation,d798ce08255eac76bd946dc3f0321b33036efcdc,,24.99.23.8
405952270,R8H7Y9GS9D3,2017-07-13T22:29:15Z,iOS and tvOS Apps,909319292,Google Calendar: Time Planner,Google LLC,d798ce08255eac76bd946dc3f0321b33036efcdc,,130.207.218.197
405952270,R8H7Y58S86V,2017-07-11T04:09:54Z,iOS and tvOS Apps,731629156,Xfinity Stream,Comcast Interactive Media,d798ce08255eac76bd946dc3f0321b33036efcdc,,24.99.23.8
405952270,R8H7XFMV3KT,2017-06-26T17:53:49Z,iOS and tvOS Apps,1139609950,Ballz,Ketchapp,d798ce08255eac76bd946dc3f0321b33036efcdc,,130.207.218.197
405952270,R8H7WYLNF7D,2017-06-16T16:02:45Z,iOS and tvOS Apps,411930498,GOLFNOW Book TeeTimes Golf GPS,GolfNow,d798ce08255eac76bd946dc3f0321b33036efcdc,,130.207.218.197
405952270,R8H7WBWF98Q,2017-06-06T18:01:48Z,iOS and tvOS Apps,957529556,Ditty by Zya,"Zya, Inc",d798ce08255eac76bd946dc3f0321b33036efcdc,,174.218.16.205
405952270,R8H7V916981,2017-05-18T16:03:53Z,iOS and tvOS Apps,1212457521,Not Hotdog,Home Box Office Inc.,d798ce08255eac76bd946dc3f0321b33036efcdc,,174.218.11.20
405952270,R8H7V7NYMGK,2017-05-17T23:22:24Z,iOS and tvOS Apps,1107957482,Fretello - Guitar Lessons,Fretello GmbH,d798ce08255eac76bd946dc3f0321b33036efcdc,,24.98.6.139
405952270,R8H7V19H38L,2017-05-13T14:33:21Z,iOS and tvOS Apps,458023433,Splitwise,"Splitwise, Inc.",d798ce08255eac76bd946dc3f0321b33036efcdc,,200.123.2.86
405952270,R8H7TN8L2HS,2017-05-06T21:28:29Z,iOS and tvOS Apps,948757156,TwinSpires Horse Race Betting,Churchill Downs Technology Initiatives Company,d798ce08255eac76bd946dc3f0321b33036efcdc,,24.98.67.2
405952270,R8H7SXSVXL9,2017-04-22T19:29:38Z,iOS and tvOS Apps,484232467,Showtime Anytime,Showtime Networks Inc.,d798ce08255eac76bd946dc3f0321b33036efcdc,,24.98.6.139
405952270,R8H7S58Q5KM,2017-04-09T17:36:08Z,iOS and tvOS Apps,985653378,Cookie Clickers 2,redBit games srl,d798ce08255eac76bd946dc3f0321b33036efcdc,,70.196.82.196
405952270,R8H7QNW10J7,2017-03-31T14:12:44Z,iOS and tvOS Apps,305204535,"KAYAK Flights, Hotels & Cars",Kayak Software Corp,d798ce08255eac76bd946dc3f0321b33036efcdc,,174.218.138.196
405952270,R8H7QD9V58F,2017-03-26T23:13:38Z,iOS and tvOS Apps,423246594,NCAA March Madness Live,Turner Sports,d798ce08255eac76bd946dc3f0321b33036efcdc,,70.196.80.194
405952270,R8H7NQY845B,2017-03-14T15:05:44Z,iOS and tvOS Apps,618783545,Slack,"Slack Technologies, Inc.",d798ce08255eac76bd946dc3f0321b33036efcdc,,130.207.218.197
405952270,R8H7N3X6K32,2017-03-02T00:34:58Z,iOS and tvOS Apps,1155760174,Prattle - Conversations You'll Love,Prattle Inc,d798ce08255eac76bd946dc3f0321b33036efcdc,,174.218.9.76
405952270,R8H7MX17VQH,2017-02-24T15:27:17Z,iOS and tvOS Apps,324384027,INRIX Traffic,"INRIX, Inc",d798ce08255eac76bd946dc3f0321b33036efcdc,,130.207.218.197
405952270,R8H7M6844VF,2017-02-09T21:25:24Z,iOS and tvOS Apps,1017156678,Automatic Gold,"Automatic Labs, Inc.",d798ce08255eac76bd946dc3f0321b33036efcdc,,130.207.218.197
405952270,R8H7LMJWYDH,2017-01-27T18:59:19Z,iOS and tvOS Apps,814517475,"CarGurus: Shop Cars, Get Deals",CarGurus LLC,d798ce08255eac76bd946dc3f0321b33036efcdc,,130.207.218.197
405952270,R8H7LJ5W4ND,2017-01-25T19:31:41Z,iOS and tvOS Apps,364387007,The Wall Street Journal.,"Dow Jones & Company, Inc., publisher of The Wall Street Journal.",d798ce08255eac76bd946dc3f0321b33036efcdc,,130.207.218.197
405952270,R8H7LF2KZF5,2017-01-24T02:32:11Z,iOS and tvOS Apps,482752836,Krispy Kreme ®,Krispy Kreme Doughnut Corporation,d798ce08255eac76bd946dc3f0321b33036efcdc,,174.218.142.37
405952270,R8H7LBFWZ9D,2017-01-22T21:47:13Z,iOS and tvOS Apps,868077558,Bitmoji,Bitstrips Inc.,d798ce08255eac76bd946dc3f0321b33036efcdc,,24.98.193.240
405952270,R8H7L01JGLV,2017-01-15T20:15:03Z,iOS and tvOS Apps,930441707,Bumble: Matches. Chats. Dating,Bumble Holding Limited,d798ce08255eac76bd946dc3f0321b33036efcdc,,24.98.6.139
405952270,R8H7KFZLYGX,2017-01-03T20:06:31Z,iOS and tvOS Apps,920297614,QS Access,QUANTIFIED SELF LABS,d798ce08255eac76bd946dc3f0321b33036efcdc,,130.207.218.197
405952270,R8H7K6N5VGS,2016-12-28T01:50:43Z,iOS and tvOS Apps,1085024470,live.ly,TikTok Inc.,d798ce08255eac76bd946dc3f0321b33036efcdc,,70.196.66.125
405952270,R8H7K5F7FLB,2016-12-26T19:27:21Z,iOS and tvOS Apps,700740807,Autotrader – Shop All the Cars,"Autotrader.com, Inc",d798ce08255eac76bd946dc3f0321b33036efcdc,,70.196.66.125
405952270,R8H7JSGJFVS,2016-12-19T17:16:45Z,iOS and tvOS Apps,901941015,SUBWAY®,Doctor's Associates Inc.,d798ce08255eac76bd946dc3f0321b33036efcdc,,174.218.130.120
405952270,R8H7J234JJH,2016-12-07T02:47:29Z,iOS and tvOS Apps,685857245,Runtastic Six Pack Abs Workout,runtastic GmbH,d798ce08255eac76bd946dc3f0321b33036efcdc,,24.98.6.139
405952270,R8H7HWSW6QD,2016-12-02T23:15:50Z,iOS and tvOS Apps,582790430,SeatGeek - Buy Event Tickets,"SeatGeek, Inc.",d798ce08255eac76bd946dc3f0321b33036efcdc,,66.108.39.29
405952270,R8H7HKT5124,2016-11-27T19:46:57Z,iOS and tvOS Apps,462268766,Houston Texans,"Houston NFL Holdings, LP",d798ce08255eac76bd946dc3f0321b33036efcdc,,70.196.78.108
405952270,R8H7HB34WKD,2016-11-21T20:17:44Z,iOS and tvOS Apps,841069888,Airtime Player,"Global Eagle Entertainment, Inc.",d798ce08255eac76bd946dc3f0321b33036efcdc,,130.207.218.197
405952270,R8H7GTW1QYN,2016-11-09T20:21:14Z,iOS and tvOS Apps,1088699621,FreeYourMusic (formerly Stamp),FreeYourMusic LTD,d798ce08255eac76bd946dc3f0321b33036efcdc,,130.207.218.197
405952270,R8H7GTJLJNY,2016-11-09T16:26:17Z,iOS and tvOS Apps,512393983,Postmates - Food Delivery,Postmates Inc,d798ce08255eac76bd946dc3f0321b33036efcdc,,130.207.218.197
405952270,R8H7G28JJ47,2016-10-27T02:49:45Z,iOS and tvOS Apps,285063020,MPoD,Lcw Kremers,d798ce08255eac76bd946dc3f0321b33036efcdc,,76.17.126.59
405952270,R8H7FZHQW9S,2016-10-25T13:50:55Z,iOS and tvOS Apps,702791633,Empatica E4 realtime,Empatica S.r.l.,d798ce08255eac76bd946dc3f0321b33036efcdc,,130.207.218.197
405952270,R8H7FVWJ4F5,2016-10-22T20:58:02Z,iOS and tvOS Apps,944011620,Amazon Alexa,AMZN Mobile LLC,d798ce08255eac76bd946dc3f0321b33036efcdc,,76.17.126.59
405952270,R8H7FN87KL1,2016-10-19T20:33:51Z,iOS and tvOS Apps,899247664,TestFlight,Apple Inc.,d798ce08255eac76bd946dc3f0321b33036efcdc,,130.207.218.197
405952270,R8H7FN4ZT8L,2016-10-19T18:32:41Z,iOS and tvOS Apps,320606217,Sleep Cycle - Sleep Tracker,Sleep Cycle AB,d798ce08255eac76bd946dc3f0321b33036efcdc,,130.207.218.197
405952270,R8H7FM78H97,2016-10-19T02:50:42Z,iOS and tvOS Apps,1140155451,Sleep Center,"Apirox, s.r.o.",d798ce08255eac76bd946dc3f0321b33036efcdc,,174.218.142.71
405952270,R8H7DSJ5041,2016-10-01T02:39:25Z,iOS and tvOS Apps,820789008,JSwipe - #1 Jewish Dating App,Smooch Labs Inc.,d798ce08255eac76bd946dc3f0321b33036efcdc,,174.218.3.165
405952270,R8H7DJGGS01,2016-09-27T15:07:07Z,iOS and tvOS Apps,1058959277,Uber Eats: Order Food Delivery,"Uber Technologies, Inc.",d798ce08255eac76bd946dc3f0321b33036efcdc,,130.207.218.197
405952270,R8H7D4X9XSX,2016-09-19T13:38:53Z,iOS and tvOS Apps,776010987,Xfinity My Account,Comcast Interactive Media,d798ce08255eac76bd946dc3f0321b33036efcdc,,130.207.218.197
405952270,R8H7BX2HSTX,2016-09-13T22:34:47Z,iOS and tvOS Apps,555252645,Polar Beat: Running & Fitness,Polar Electro Oy,d798ce08255eac76bd946dc3f0321b33036efcdc,,76.17.126.59
405952270,R8H79QZF3DD,2016-08-20T21:44:49Z,iOS and tvOS Apps,410896080,PlayStation App,PlayStation Mobile Inc.,d798ce08255eac76bd946dc3f0321b33036efcdc,,73.43.61.148
405952270,R8H79DTN233,2016-08-13T21:18:19Z,iOS and tvOS Apps,987962261,Google Cardboard,Google LLC,d798ce08255eac76bd946dc3f0321b33036efcdc,,70.193.164.54
405952270,R8H78N1N4SQ,2016-07-30T02:30:44Z,iOS and tvOS Apps,862964056,iSaveit,Mobile Innovations AD,d798ce08255eac76bd946dc3f0321b33036efcdc,,70.196.68.49
405952270,R8H77NMJTBM,2016-07-10T01:10:39Z,iOS and tvOS Apps,1094591345,Pokémon GO,"Niantic, Inc.",d798ce08255eac76bd946dc3f0321b33036efcdc,,73.207.52.116
405952270,R8H77G8LWMW,2016-07-05T18:14:57Z,iOS and tvOS Apps,993729152,Tipple,FlexCible Information System,d798ce08255eac76bd946dc3f0321b33036efcdc,,128.61.64.196
405952270,R8H77D6THHH,2016-07-03T19:49:49Z,iOS and tvOS Apps,549039908,Termius - SSH client,Termius Corporation,d798ce08255eac76bd946dc3f0321b33036efcdc,,73.180.95.204
405952270,R8H771HFH4G,2016-06-25T17:48:09Z,iOS and tvOS Apps,354902315,Zynga Poker - Texas Holdem,Zynga Inc.,d798ce08255eac76bd946dc3f0321b33036efcdc,,70.193.140.26
405952270,R8H76XQSD4F,2016-06-22T23:57:57Z,iOS and tvOS Apps,1008719375,Moe Rewards,Moe's Franchisor SPV LLC,d798ce08255eac76bd946dc3f0321b33036efcdc,,70.193.136.45
405952270,R8H76Q6LT6L,2016-06-18T22:41:49Z,iOS and tvOS Apps,383457673,"Plex: Movies, TV, Music + more",Plex Inc.,d798ce08255eac76bd946dc3f0321b33036efcdc,,73.207.52.116
405952270,R8H75YJBQJQ,2016-06-03T02:09:51Z,iOS and tvOS Apps,488818252,Chick-fil-A,"Chick-fil-A, Inc.",d798ce08255eac76bd946dc3f0321b33036efcdc,,73.207.52.116
405952270,R8H75YGVDXW,2016-06-03T00:38:11Z,iOS and tvOS Apps,527588389,"GuitarTuna: Guitar, Bass tuner",Yousician Ltd,d798ce08255eac76bd946dc3f0321b33036efcdc,,73.207.52.116
405952270,R8H75TJGF33,2016-05-31T02:41:11Z,iOS and tvOS Apps,460494135,Watch TNT,"Turner Broadcasting System, Inc.",d798ce08255eac76bd946dc3f0321b33036efcdc,,70.193.128.185
405952270,R8H759K5VQV,2016-05-20T17:56:18Z,iOS and tvOS Apps,422663827,Duo Mobile,"Duo Security, Inc.",d798ce08255eac76bd946dc3f0321b33036efcdc,,70.193.131.165
405952270,R8H74Z69M78,2016-05-13T01:20:52Z,iOS and tvOS Apps,826523703,Soccer Stars: Football Kick,Miniclip SA,d798ce08255eac76bd946dc3f0321b33036efcdc,,70.193.136.96
405952270,R8H74VYJMD1,2016-05-11T00:47:24Z,iOS and tvOS Apps,414461255,Vivino: Buy the Right Wine,Vivino ApS,d798ce08255eac76bd946dc3f0321b33036efcdc,,70.199.246.59
405952270,R8H7461Y72B,2016-04-27T20:00:39Z,iOS and tvOS Apps,816042916,MTailor - Custom Clothing,"Bit Body, Inc.",d798ce08255eac76bd946dc3f0321b33036efcdc,,73.207.52.116
405952270,R8H73SGN73Z,2016-04-18T05:11:18Z,iOS and tvOS Apps,913292932,SimCity BuildIt,EA Swiss Sarl,d798ce08255eac76bd946dc3f0321b33036efcdc,,73.207.52.116
405952270,R8H73S39TL3,2016-04-17T18:48:39Z,iOS and tvOS Apps,427956708,IDrive Online Backup,IDrive Incorporated,d798ce08255eac76bd946dc3f0321b33036efcdc,,70.196.79.97
405952270,R8H7399K4LB,2016-04-08T17:14:41Z,iOS and tvOS Apps,461504587,Trello: organize anything!,"Trello, Inc.",d798ce08255eac76bd946dc3f0321b33036efcdc,,70.193.128.121
405952270,R8H72HZSMSL,2016-03-24T02:41:28Z,iOS and tvOS Apps,921022358,Star Wars™: Galaxy of Heroes,EA Swiss Sarl,d798ce08255eac76bd946dc3f0321b33036efcdc,,70.138.53.96
405952270,R8H71MQZKXM,2016-03-06T23:50:32Z,iOS and tvOS Apps,1021721629,Gogo Entertainment,GOGO LLC,a10ac19044e8c97f10b63016e693ec62e5c37ade,,12.130.116.113
405952270,R8H6Y9Y3YVQ,2015-12-18T21:30:34Z,iOS and tvOS Apps,692753615,Wallapop,WALLAPOP SL,a10ac19044e8c97f10b63016e693ec62e5c37ade,,70.138.53.96
405952270,R8H6XKLLTNJ,2015-11-26T03:48:05Z,iOS and tvOS Apps,329218549,Chess - Play & Learn,"Chess.com, LLC",a10ac19044e8c97f10b63016e693ec62e5c37ade,,70.138.53.96
405952270,R8H6X5HNHGK,2015-11-12T23:10:14Z,iOS and tvOS Apps,834335592,Yo.,"Life Before Us, LLC",a10ac19044e8c97f10b63016e693ec62e5c37ade,,128.61.72.79
405952270,R8H6WQ1J29L,2015-10-27T23:58:25Z,iOS and tvOS Apps,396764924,ESPN Fantasy Basketball,ESPN Inc.,a10ac19044e8c97f10b63016e693ec62e5c37ade,,50.180.212.64
405952270,R8H6WD08MD7,2015-10-16T01:57:35Z,iOS and tvOS Apps,1021210012,Textr Messenger,Textr LLC,a10ac19044e8c97f10b63016e693ec62e5c37ade,,50.180.212.64
405952270,R8H6W62W226,2015-10-10T01:41:41Z,iOS and tvOS Apps,491450511,Gogo Video Player,GOGO LLC,a10ac19044e8c97f10b63016e693ec62e5c37ade,,12.130.116.139
405952270,R8H6VB4XJ9W,2015-09-16T18:31:36Z,iOS and tvOS Apps,1025243640,Kylie Jenner Official App,"Whalerock Digital Media, LLC",a10ac19044e8c97f10b63016e693ec62e5c37ade,,70.193.172.105
405952270,R8H6V7TNK2J,2015-09-14T12:41:21Z,iOS and tvOS Apps,898735818,EatWith for Hosts,EatWith Media Inc,a10ac19044e8c97f10b63016e693ec62e5c37ade,,70.196.83.235
405952270,R8H6THW734N,2015-08-15T20:21:50Z,iOS and tvOS Apps,680819774,Google Home,Google LLC,a10ac19044e8c97f10b63016e693ec62e5c37ade,,70.193.173.168
405952270,R8H6TB57YTZ,2015-08-10T01:48:14Z,iOS and tvOS Apps,880047117,Angry Birds 2,Rovio Entertainment Oyj,a10ac19044e8c97f10b63016e693ec62e5c37ade,,76.182.89.191
405952270,R8H6T4XFXDW,2015-08-03T03:05:50Z,iOS and tvOS Apps,974748812,GIPHY: The GIF Search Engine,"Giphy, Inc.",a10ac19044e8c97f10b63016e693ec62e5c37ade,,76.182.89.191
405952270,R8H6T48Z520,2015-08-02T01:29:08Z,iOS and tvOS Apps,345542655,Star Chart,ESCAPE VELOCITY LIMITED,a10ac19044e8c97f10b63016e693ec62e5c37ade,,70.193.39.33
405952270,R8H6T2JT4VF,2015-07-30T17:08:51Z,iOS and tvOS Apps,467192391,Cisco Jabber,Cisco,a10ac19044e8c97f10b63016e693ec62e5c37ade,,70.193.23.27
405952270,R8H6SX6QQWK,2015-07-22T19:45:06Z,iOS and tvOS Apps,285688934,IM+ Instant Messenger,SHAPE GmbH,a10ac19044e8c97f10b63016e693ec62e5c37ade,,173.38.117.88
405952270,R8H6SM4QT8D,2015-07-12T14:23:07Z,iOS and tvOS Apps,972909677,Periscope Live Video Streaming,"Twitter, Inc.",a10ac19044e8c97f10b63016e693ec62e5c37ade,,174.109.247.2
405952270,R8H6SFXZ16V,2015-07-06T02:43:16Z,iOS and tvOS Apps,995330024,Vacation Chasers,"Turner Broadcasting System, Inc.",a10ac19044e8c97f10b63016e693ec62e5c37ade,,70.193.163.123
405952270,R8H6SD0Y7LK,2015-07-02T18:52:35Z,iOS and tvOS Apps,844616925,Transit Tracker - Atlanta,John Doll,a10ac19044e8c97f10b63016e693ec62e5c37ade,,70.193.165.202
405952270,R8H6QTXZLXY,2015-06-08T19:24:48Z,iOS and tvOS Apps,599664106,FanDuel - Daily Fantasy Sports,FanDuel Limited,a10ac19044e8c97f10b63016e693ec62e5c37ade,,173.38.117.80
405952270,R8H6QHWJ5XB,2015-05-27T01:40:01Z,iOS and tvOS Apps,953297702,Yeti - share snaps and meet people around you,"Factyle, Inc",a10ac19044e8c97f10b63016e693ec62e5c37ade,,174.109.247.2
405952270,R8H6QDQZB22,2015-05-22T00:37:25Z,iOS and tvOS Apps,379693831,Audible audio books & stories,"Audible, Inc.",a10ac19044e8c97f10b63016e693ec62e5c37ade,,70.193.164.254
405952270,R8H6NLDN20S,2015-04-20T01:39:15Z,iOS and tvOS Apps,546789632,Copy for iOS,Barracuda Networks,a10ac19044e8c97f10b63016e693ec62e5c37ade,,70.193.135.192
405952270,R8H6NL87BQK,2015-04-19T19:04:40Z,iOS and tvOS Apps,381786507,SignEasy - Sign and Fill Docs,Glykka LLC,a10ac19044e8c97f10b63016e693ec62e5c37ade,,69.180.30.190
405952270,R8H6NGBYYJ2,2015-04-13T22:34:26Z,iOS and tvOS Apps,922558758,DomiNations,NEXON M Inc.,a10ac19044e8c97f10b63016e693ec62e5c37ade,,70.193.161.38
405952270,R8H6MT26MS2,2015-03-15T12:14:26Z,iOS and tvOS Apps,547436543,My Disney Experience,"Disney Electronic Content, Inc.",a10ac19044e8c97f10b63016e693ec62e5c37ade,,70.209.52.70
405952270,R8H6MM8K1QQ,2015-03-08T16:13:32Z,iOS and tvOS Apps,962050549,Okay?,Philipp Stollenmayer,a10ac19044e8c97f10b63016e693ec62e5c37ade,,70.196.134.59
405952270,R8H6LS4L6LJ,2015-01-26T22:58:50Z,iOS and tvOS Apps,815448630,GT Buses,Alex Perez,a10ac19044e8c97f10b63016e693ec62e5c37ade,,128.61.21.143
405952270,R8H6LFWYJX0,2015-01-10T20:44:04Z,iOS and tvOS Apps,944716181,Wokoy,mitchell Kelman,a10ac19044e8c97f10b63016e693ec62e5c37ade,,70.193.129.167
405952270,R8H6LBXK9V1,2015-01-07T00:38:34Z,iOS and tvOS Apps,651510680,Trivia Crack,Etermax,a10ac19044e8c97f10b63016e693ec62e5c37ade,,128.61.23.98
405952270,R8H6LBWLS0N,2015-01-06T23:09:56Z,iOS and tvOS Apps,331177714,Starbucks,Starbucks Coffee Company,a10ac19044e8c97f10b63016e693ec62e5c37ade,,128.61.23.98
405952270,R8H6L9H0T0Z,2015-01-04T16:11:45Z,iOS and tvOS Apps,313259740,E*TRADE: Invest. Trade. Save.,ETRADE FINANCIAL,a10ac19044e8c97f10b63016e693ec62e5c37ade,,207.38.134.40
405952270,R8H6L8VXBFJ,2015-01-03T03:17:46Z,iOS and tvOS Apps,420496625,Merrill Edge,Merrill Lynch,a10ac19044e8c97f10b63016e693ec62e5c37ade,,207.38.134.40
405952270,R8H6L7VWXV5,2014-12-31T17:55:55Z,iOS and tvOS Apps,300704847,Speedtest by Ookla,Ookla,a10ac19044e8c97f10b63016e693ec62e5c37ade,,207.38.134.40
405952270,R8H6KHY9DSM,2014-11-22T17:25:26Z,iOS and tvOS Apps,310738695,Zillow Real Estate & Rentals,"Zillow, Inc.",a10ac19044e8c97f10b63016e693ec62e5c37ade,,70.193.147.191
405952270,R8H6KDTKW2G,2014-11-17T18:34:24Z,iOS and tvOS Apps,905060486,Inbox by Gmail,Google LLC,a10ac19044e8c97f10b63016e693ec62e5c37ade,,128.61.26.84
405952270,R8H6K8QG79S,2014-11-11T23:21:09Z,iOS and tvOS Apps,327228455,Chipotle,Chipotle Mexican Grill,a10ac19044e8c97f10b63016e693ec62e5c37ade,,70.193.129.38
405952270,R8H6K7810DX,2014-11-09T00:08:22Z,iOS and tvOS Apps,401626263,Airbnb,"Airbnb, Inc.",a10ac19044e8c97f10b63016e693ec62e5c37ade,,70.193.144.112
405952270,R8H6JVN2SN5,2014-10-17T15:30:15Z,iOS and tvOS Apps,709275884,Pydio Lite,ABSTRIUM,a10ac19044e8c97f10b63016e693ec62e5c37ade,,128.61.23.56
405952270,R8H6JL77SZ4,2014-10-05T18:27:10Z,iOS and tvOS Apps,507874739,Google Drive,Google LLC,a10ac19044e8c97f10b63016e693ec62e5c37ade,,70.193.132.154
405952270,R8H6J2W8XK8,2014-09-09T02:47:48Z,iOS and tvOS Apps,689886688,Georgia Tech Career Fair Plus,CAREER SOFT LLC,a10ac19044e8c97f10b63016e693ec62e5c37ade,,128.61.24.171
405952270,R8H6J2HYV1Z,2014-09-08T01:02:23Z,iOS and tvOS Apps,377672876,Genius Scan - PDF Scanner,The Grizzly Labs,a10ac19044e8c97f10b63016e693ec62e5c37ade,,128.61.19.205
405952270,R8H6J2HDG3D,2014-09-07T23:08:49Z,iOS and tvOS Apps,302920553,Grubhub: Local Food Delivery,GrubHub Inc,a10ac19044e8c97f10b63016e693ec62e5c37ade,,70.193.134.152
405952270,R8H6J252030,2014-09-06T16:44:14Z,iOS and tvOS Apps,296581815,OpenTable,"OpenTable, Inc.",a10ac19044e8c97f10b63016e693ec62e5c37ade,,128.61.24.218
405952270,R8H6HVVM8BS,2014-08-20T21:52:42Z,iOS and tvOS Apps,328415391,Yahoo Fantasy Football & more,Yahoo! Inc.,a10ac19044e8c97f10b63016e693ec62e5c37ade,,70.193.132.177
405952270,R8H6HJSHT5Q,2014-07-30T17:03:20Z,iOS and tvOS Apps,709798313,MOTOTRBO Anywhere,"MOTOROLA SOLUTIONS, INC",a10ac19044e8c97f10b63016e693ec62e5c37ade,,70.194.97.43
405952270,R8H6HJB3MWS,2014-07-29T18:07:52Z,iOS and tvOS Apps,454638411,Messenger,"Facebook, Inc.",a10ac19044e8c97f10b63016e693ec62e5c37ade,,70.194.69.44
405952270,R8H6H5T9GVW,2014-07-04T03:30:16Z,iOS and tvOS Apps,418075935,Bleacher Report: Sports News,Bleacher Report,a10ac19044e8c97f10b63016e693ec62e5c37ade,,70.194.101.68
405952270,R8H6H4F8SNN,2014-07-01T02:44:05Z,iOS and tvOS Apps,309385034,AMC Mobile for iPhone,AMC Network Entertainment LLC,a10ac19044e8c97f10b63016e693ec62e5c37ade,,70.194.96.105
405952270,R8H6H36YSHB,2014-06-27T14:23:29Z,iOS and tvOS Apps,342792525,IMDb: Movies & TV Shows,IMDb,a10ac19044e8c97f10b63016e693ec62e5c37ade,,70.194.109.206
405952270,R8H6H1VBSX8,2014-06-24T00:30:11Z,iOS and tvOS Apps,376510438,Hulu: Stream TV shows & movies,"Hulu, LLC",a10ac19044e8c97f10b63016e693ec62e5c37ade,,70.194.109.241
405952270,R8H6GZG2D32,2014-06-17T21:32:25Z,iOS and tvOS Apps,822797943,GingerGrammar,Ginger Software Inc.,a10ac19044e8c97f10b63016e693ec62e5c37ade,,70.194.108.37
405952270,R8H6GVF6D7W,2014-06-07T16:20:21Z,iOS and tvOS Apps,383076098,BestParking: Get Parking Deals,BestParking.com,a10ac19044e8c97f10b63016e693ec62e5c37ade,,70.194.103.181
405952270,R8H6GS9B45V,2014-06-01T21:53:49Z,iOS and tvOS Apps,405074003,Amtrak,National Railroad Passenger Corporation,a10ac19044e8c97f10b63016e693ec62e5c37ade,,70.194.66.178
405952270,R8H6GQGS18J,2014-05-30T21:09:13Z,iOS and tvOS Apps,456318176,Quirky,"Wink Labs, Inc.",a10ac19044e8c97f10b63016e693ec62e5c37ade,,70.194.106.210
405952270,R8H6GNBHH8B,2014-05-27T23:34:28Z,iOS and tvOS Apps,527219710,Sworkit Fitness & Workout App,"Nexercise, Inc.",a10ac19044e8c97f10b63016e693ec62e5c37ade,,70.194.107.59
405952270,R8H6GNB2Z7M,2014-05-27T22:51:52Z,iOS and tvOS Apps,339532909,"REDBOX: Rent, Stream & Buy",redbox,a10ac19044e8c97f10b63016e693ec62e5c37ade,,70.194.107.59
405952270,R8H6GMGWKY4,2014-05-25T03:29:22Z,iOS and tvOS Apps,376101648,Find My iPhone,Apple Inc.,a10ac19044e8c97f10b63016e693ec62e5c37ade,,70.194.107.59
405952270,R8H6GLW17HV,2014-05-23T00:29:49Z,iOS and tvOS Apps,416023011,My Verizon,Verizon Wireless,a10ac19044e8c97f10b63016e693ec62e5c37ade,,70.194.96.104
405952270,R8H6GKF04VM,2014-05-19T02:30:46Z,iOS and tvOS Apps,429775439,HBO GO: Stream with TV Package,Home Box Office Inc.,a10ac19044e8c97f10b63016e693ec62e5c37ade,,173.165.84.113
405952270,R8H6GJMFNFQ,2014-05-16T19:23:38Z,iOS and tvOS Apps,336381998,"Priceline - Hotel, Flight, Car",priceline.com,a10ac19044e8c97f10b63016e693ec62e5c37ade,,70.193.11.24
405952270,R8H6GGV0M1T,2014-05-12T16:35:38Z,iOS and tvOS Apps,300238550,Mint: Personal Finance & Money,Mint.com,a10ac19044e8c97f10b63016e693ec62e5c37ade,,70.138.59.13
405952270,R8H6GGLYXJ9,2014-05-11T23:19:35Z,iOS and tvOS Apps,283646709,PayPal: Mobile Cash,"PayPal, Inc.",a10ac19044e8c97f10b63016e693ec62e5c37ade,,70.138.59.13
405952270,R8H6GG7X04F,2014-05-10T18:42:27Z,iOS and tvOS Apps,454768104,Pic Stitch - Collage Editor,"Super Basic, LLC.",a10ac19044e8c97f10b63016e693ec62e5c37ade,,70.196.64.113
405952270,R8H6GBMF6TM,2014-05-03T23:10:46Z,iOS and tvOS Apps,615987910,Battery Doctor - Must-have Battery Management App,"KS Mobile, Inc.",a10ac19044e8c97f10b63016e693ec62e5c37ade,,70.196.6.46
405952270,R8H6G8VFZLY,2014-04-29T11:32:00Z,iOS and tvOS Apps,328407587,Flickr,"Flickr, Inc.",a10ac19044e8c97f10b63016e693ec62e5c37ade,,76.97.244.161
405952270,R8H6G0SYSWS,2014-04-07T22:52:25Z,iOS and tvOS Apps,445221346,Belly - Rewards Everyday,Belly Inc.,a10ac19044e8c97f10b63016e693ec62e5c37ade,,70.193.136.77
405952270,R8H6FW0WB86,2014-03-26T19:50:05Z,iOS and tvOS Apps,840919914,2048,Ketchapp,a10ac19044e8c97f10b63016e693ec62e5c37ade,,128.61.24.135
405952270,R8H6FQ7Q6S7,2014-03-16T23:41:16Z,iOS and tvOS Apps,388491656,Fly Delta,"Delta Air Lines, Inc",a10ac19044e8c97f10b63016e693ec62e5c37ade,,70.138.59.13
405952270,R8H6FGSTX1V,2014-02-28T06:16:11Z,iOS and tvOS Apps,529379082,Lyft,"Lyft, Inc.",a10ac19044e8c97f10b63016e693ec62e5c37ade,,70.193.131.11
405952270,R8H6F8KVJLY,2014-02-13T19:14:28Z,iOS and tvOS Apps,324684580,Spotify: Music and Podcasts,Spotify,a10ac19044e8c97f10b63016e693ec62e5c37ade,,128.61.40.151
405952270,R8H6F6GDHZM,2014-02-07T22:51:24Z,iOS and tvOS Apps,642099621,Flappy Bird,Dong Nguyen,a10ac19044e8c97f10b63016e693ec62e5c37ade,,76.97.244.161
405952270,R8H6F6G7TB4,2014-02-07T22:35:18Z,iOS and tvOS Apps,566223681,Followers + for Instagram - Follower Analytics,Joshua Smith|1993294211,a10ac19044e8c97f10b63016e693ec62e5c37ade,,76.97.244.161
405952270,R8H6F4FLDZ9,2014-02-02T18:39:48Z,iOS and tvOS Apps,477971748,MyHeritage - Family tree,MyHeritage Ltd,a10ac19044e8c97f10b63016e693ec62e5c37ade,,76.97.244.161
405952270,R8H6F4FL8YN,2014-02-02T18:39:15Z,iOS and tvOS Apps,353947935,MyCeleb,MyHeritage Ltd,a10ac19044e8c97f10b63016e693ec62e5c37ade,,76.97.244.161
405952270,R8H6F3TGVDK,2014-01-31T22:28:54Z,iOS and tvOS Apps,577232024,Lumosity: Brain Training,"Lumos Labs, Inc.",a10ac19044e8c97f10b63016e693ec62e5c37ade,,76.97.244.161
405952270,R8H6F18M3W3,2014-01-26T04:14:06Z,iOS and tvOS Apps,730992767,Yik Yak,"Yik Yak, LLC",a10ac19044e8c97f10b63016e693ec62e5c37ade,,128.61.44.183
405952270,R8H6F14WJ1M,2014-01-25T19:41:43Z,iOS and tvOS Apps,336353151,SoundCloud - Music & Audio,SoundCloud Ltd,a10ac19044e8c97f10b63016e693ec62e5c37ade,,70.193.146.129
405952270,R8H6DV611H4,2014-01-08T22:36:55Z,iOS and tvOS Apps,691797987,Google Play Music,Google LLC,a10ac19044e8c97f10b63016e693ec62e5c37ade,,128.61.38.184
405952270,R8H6DTQ9XZX,2014-01-07T17:04:48Z,iOS and tvOS Apps,512939461,Subway Surfers,Sybo Games ApS,a10ac19044e8c97f10b63016e693ec62e5c37ade,,128.61.45.187
405952270,R8H6DT0WBBX,2014-01-05T16:59:06Z,iOS and tvOS Apps,344542975,Southwest Airlines,Southwest Airlines,a10ac19044e8c97f10b63016e693ec62e5c37ade,,70.208.68.252
405952270,R8H6DSN0XYB,2014-01-04T13:40:43Z,iOS and tvOS Apps,284910350,"Yelp Food, Delivery & Services","Yelp, Inc.",a10ac19044e8c97f10b63016e693ec62e5c37ade,,68.174.180.199
405952270,R8H6DGTF0FS,2013-12-14T23:52:31Z,iOS and tvOS Apps,310633997,WhatsApp Messenger,WhatsApp Inc.,a10ac19044e8c97f10b63016e693ec62e5c37ade,,70.196.75.85
405952270,R8H6DG7YL71,2013-12-13T19:21:00Z,iOS and tvOS Apps,284235722,Flixster - Showtimes + Tickets,"Flixster, Inc.",a10ac19044e8c97f10b63016e693ec62e5c37ade,,76.97.244.161
405952270,R8H6DBZGT8S,2013-12-08T05:06:40Z,iOS and tvOS Apps,488720081,"Circle - Events, Concerts, Happenings & Free Stuff in Your Town!",Hawthorne Labs Inc.,a10ac19044e8c97f10b63016e693ec62e5c37ade,,128.61.44.137
405952270,R8H6D9M19MV,2013-12-04T01:53:58Z,iOS and tvOS Apps,429009175,WatchESPN,ESPN Inc.,a10ac19044e8c97f10b63016e693ec62e5c37ade,,76.97.244.161
405952270,R8H6D96GB0G,2013-12-02T23:27:21Z,iOS and tvOS Apps,570510529,Spaceteam,Henry Smith Inc.,a10ac19044e8c97f10b63016e693ec62e5c37ade,,128.61.36.78
405952270,R8H6D93NV7M,2013-12-02T18:03:55Z,iOS and tvOS Apps,718421443,QuizUp®,Glu Games Inc,a10ac19044e8c97f10b63016e693ec62e5c37ade,,128.61.33.236
405952270,R8H6D87N57Q,2013-11-29T17:58:29Z,iOS and tvOS Apps,435802394,HELO TC,Griffin Technology,a10ac19044e8c97f10b63016e693ec62e5c37ade,,70.138.59.13
405952270,R8H6D7GMKVS,2013-11-27T04:52:19Z,iOS and tvOS Apps,449945214,United Airlines,United Air Lines,a10ac19044e8c97f10b63016e693ec62e5c37ade,,76.97.244.161
405952270,R8H6D55QKS9,2013-11-20T16:07:55Z,iOS and tvOS Apps,297606951,Amazon - Shopping made easy,AMZN Mobile LLC,a10ac19044e8c97f10b63016e693ec62e5c37ade,,70.193.130.48
405952270,R8H6D4ZMHMY,2013-11-20T01:12:30Z,iOS and tvOS Apps,363501921,Citrix Workspace,"Citrix Systems, Inc.",a10ac19044e8c97f10b63016e693ec62e5c37ade,,70.193.130.48
405952270,R8H6D3K9K9G,2013-11-15T17:50:46Z,iOS and tvOS Apps,415458524,Skyscanner – travel deals,Skyscanner Limited,a10ac19044e8c97f10b63016e693ec62e5c37ade,,128.61.42.253
405952270,R8H6D36KX65,2013-11-14T21:15:51Z,iOS and tvOS Apps,406719683,GasBuddy: Find Cheap Gas,GasBuddy Organization Inc,a10ac19044e8c97f10b63016e693ec62e5c37ade,,70.193.136.78
405952270,R8H6D0HKZB6,2013-11-07T20:15:52Z,iOS and tvOS Apps,488156323,Hero Academy,Robot Entertainment,a10ac19044e8c97f10b63016e693ec62e5c37ade,,128.61.37.189
405952270,R8H6D06796X,2013-11-07T00:00:30Z,iOS and tvOS Apps,327630330,"Dropbox - Backup, Sync, Share","Dropbox, Inc.",a10ac19044e8c97f10b63016e693ec62e5c37ade,,128.61.34.183
405952270,R8H6BYG2HMS,2013-11-01T19:52:55Z,iOS and tvOS Apps,284847138,Bank of America Mobile Banking,Bank of America,a10ac19044e8c97f10b63016e693ec62e5c37ade,,70.193.130.85
405952270,R8H6BXDNVL2,2013-10-29T22:54:37Z,iOS and tvOS Apps,387043499,Georgia Tech,Georgia Tech Research Corporation,a10ac19044e8c97f10b63016e693ec62e5c37ade,,128.61.46.173
405952270,R8H6BX3XTBN,2013-10-29T02:05:56Z,iOS and tvOS Apps,351727428,Venmo,"The Delancey Corporation, LLC",a10ac19044e8c97f10b63016e693ec62e5c37ade,,70.193.128.209
405952270,R8H6BWZ493G,2013-10-28T16:11:04Z,iOS and tvOS Apps,409366411,Jimmy John’s Sandwiches,Jimmy John's Gourmet Sandwiches,a10ac19044e8c97f10b63016e693ec62e5c37ade,,70.193.128.209
405952270,R8H6BWXXHMT,2013-10-28T13:33:47Z,iOS and tvOS Apps,295646461,Weather - The Weather Channel,The Weather Channel,a10ac19044e8c97f10b63016e693ec62e5c37ade,,70.193.138.34
405952270,R8H6BWDGX5D,2013-10-26T16:57:40Z,iOS and tvOS Apps,585027354,Google Maps - Transit & Food,Google LLC,a10ac19044e8c97f10b63016e693ec62e5c37ade,,70.193.138.34
405952270,R8H6BW59S2F,2013-10-25T23:57:53Z,iOS and tvOS Apps,547702041,Tinder,Tinder Inc.,a10ac19044e8c97f10b63016e693ec62e5c37ade,,76.97.244.161
405952270,R8H6BTLLQTW,2013-10-22T01:29:55Z,iOS and tvOS Apps,359917414,Solitaire,Mobilityware,a10ac19044e8c97f10b63016e693ec62e5c37ade,,76.97.244.161
405952270,R8H6BTG1XV9,2013-10-21T16:42:30Z,iOS and tvOS Apps,500963785,▻ Solitaire,"PeopleFun CG, LLC",a10ac19044e8c97f10b63016e693ec62e5c37ade,,128.61.35.212
405952270,R8H6BSM05V1,2013-10-18T23:23:54Z,iOS and tvOS Apps,346700012,Hand-Picked Atlanta,"Scoutmob, Inc.",a10ac19044e8c97f10b63016e693ec62e5c37ade,,70.193.132.247
405952270,R8H6BQXYLFN,2013-10-17T02:16:18Z,iOS and tvOS Apps,703439482,Cookie Clickers,redBit games srl,a10ac19044e8c97f10b63016e693ec62e5c37ade,,128.61.46.215
405952270,R8H6BQG266S,2013-10-15T21:47:21Z,iOS and tvOS Apps,392796698,GroupMe,Skype Communications S.a.r.l,a10ac19044e8c97f10b63016e693ec62e5c37ade,,70.193.129.203
405952270,R8H6BQB799Y,2013-10-15T15:44:37Z,iOS and tvOS Apps,667728512,Game of War - Fire Age,"Machine Zone, Inc",a10ac19044e8c97f10b63016e693ec62e5c37ade,,70.138.62.173
405952270,R8H6BQB7177,2013-10-15T15:43:05Z,iOS and tvOS Apps,284993459,Shazam: Music Discovery,Shazam Entertainment Limited,a10ac19044e8c97f10b63016e693ec62e5c37ade,,70.138.62.173
405952270,R8H6BQB6Y8F,2013-10-15T15:42:34Z,iOS and tvOS Apps,284035177,Pandora: Music & Podcasts,"Pandora Media, Inc.",a10ac19044e8c97f10b63016e693ec62e5c37ade,,70.138.62.173
405952270,R8H6BQB6TSY,2013-10-15T15:41:50Z,iOS and tvOS Apps,544007664,"YouTube: Watch, Listen, Stream",Google LLC,a10ac19044e8c97f10b63016e693ec62e5c37ade,,70.138.62.173
405952270,R8H6BQ5K62L,2013-10-15T02:25:34Z,iOS and tvOS Apps,363590051,Netflix,"Netflix, Inc.",a10ac19044e8c97f10b63016e693ec62e5c37ade,,70.138.62.173
405952270,R8H6BQ5GXS2,2013-10-15T02:14:31Z,iOS and tvOS Apps,333903271,Twitter,"Twitter, Inc.",a10ac19044e8c97f10b63016e693ec62e5c37ade,,70.138.62.173
405952270,R8H6BQ5GDY9,2013-10-15T02:12:03Z,iOS and tvOS Apps,447188370,Snapchat,"Snap, Inc.",a10ac19044e8c97f10b63016e693ec62e5c37ade,,70.138.62.173
405952270,R8H6BQ5958L,2013-10-15T01:50:19Z,iOS and tvOS Apps,555376968,ESPN Fantasy Sports,ESPN Inc.,a10ac19044e8c97f10b63016e693ec62e5c37ade,,70.196.69.17
405952270,R8H6BQ594LL,2013-10-15T01:50:11Z,iOS and tvOS Apps,317469184,ESPN: Live Sports & Scores,ESPN Inc.,a10ac19044e8c97f10b63016e693ec62e5c37ade,,70.196.69.17
405952270,R8H6BQ51MS1,2013-10-15T01:13:53Z,iOS and tvOS Apps,389801252,Instagram,"Instagram, Inc.",a10ac19044e8c97f10b63016e693ec62e5c37ade,,70.196.69.17
405952270,R8H6BQ51L8B,2013-10-15T01:13:39Z,iOS and tvOS Apps,284882215,Facebook,"Facebook, Inc.",a10ac19044e8c97f10b63016e693ec62e5c37ade,,70.196.69.17
405952270,R8H65Y41H3V,2012-05-23T23:40:01Z,Mac Apps,456877552,GeekTool,Yann Bizeul,0026B0DFEBEA,,70.138.59.13
405952270,R36023M0YJ9,2011-11-10T20:10:43Z,Mac Apps,412558550,Swackett®,"AGLogic, LLC",0026B0DFEBEA,,143.215.114.85
405952270,R3601T7VNZZ,2011-10-17T03:35:43Z,Mac Apps,463770977,Screen Snake,Bruno Vandekerkhove,0026B0DFEBEA,,70.138.59.13
405952270,R35ZYLLY7JV,2011-01-14T03:48:52Z,Mac Apps,409693879,Solitaire Greatest Hits,Daniel Fontaine|168691361,0026B0DFEBEA,,70.138.59.13
