Apple ID Number,Item Purchased Date,Content Type,Item Reference Number,Item Description,Seller,Container Reference Number,Container Description,Invoice Item Total,Device Identifier,Device Details,Device IP Address,Refund Amount,Document Number,Invoice Date,Invoice Tax Amount,Invoice Total Amount,Purchase Created Date,Order Number,Billing Information ID,Payment Type,Currency ID,Purchase Chargeback?
405952270,2020-06-09T07:59:25Z,Apple Music Subscription,1110451842,Apple Music Student Membership,Apple Inc.,,,$4.99,a10ac19044e8c97f10b63016e693ec62e5c37ade,"Music/2.0 iOS/8.4 model/iPhone6,1 build/12H143 (6; dt:89)",70.199.225.58,,152348573046,06/09/2020,$0.00,$4.99,2020-06-09T07:59:25Z,MTJXJB0L2K,500000421626418,Visa,USD,No
405952270,2020-05-09T07:59:06Z,Apple Music Subscription,1110451842,Apple Music Student Membership,Apple Inc.,,,$4.99,a10ac19044e8c97f10b63016e693ec62e5c37ade,"Music/2.0 iOS/8.4 model/iPhone6,1 build/12H143 (6; dt:89)",70.199.225.58,,135341417127,05/09/2020,$0.00,$4.99,2020-05-09T07:59:06Z,MTJX8J4LKZ,500000421626418,Visa,USD,No
405952270,2020-05-03T16:10:52Z,Arcade Subscription,1479623483,Apple Arcade Monthly,Apple Inc.,915061776,App Store,$4.99,6C96CFD93F65,MacAppStore/3.0 (Macintosh; OS X 10.15.4; 19E266) AppleWebKit/5609.1.20.111.8 CommerceKit/709.6.5,73.232.114.111,,170340187426,05/03/2020,$0.00,$4.99,2020-05-03T16:10:52Z,MTJX761Q9K,500000421626418,Visa,USD,No
405952270,2020-04-09T07:59:25Z,Apple Music Subscription,1110451842,Apple Music Student Membership,Apple Inc.,,,$4.99,a10ac19044e8c97f10b63016e693ec62e5c37ade,"Music/2.0 iOS/8.4 model/iPhone6,1 build/12H143 (6; dt:89)",70.199.225.58,,187334158690,04/09/2020,$0.00,$4.99,2020-04-09T07:59:25Z,MTJX1N96V8,500000421626418,Visa,USD,No
405952270,2020-04-04T00:10:42Z,Arcade Subscription,1479623483,Apple Arcade Monthly,Apple Inc.,915061776,App Store,$0.00,6C96CFD93F65,MacAppStore/3.0 (Macintosh; OS X 10.15.4; 19E266) AppleWebKit/5609.1.20.111.8 CommerceKit/709.6.5,73.232.114.111,,,,,,2020-04-04T00:10:42Z,,500000421626418,Visa,USD,No
405952270,2020-03-28T18:51:34Z,In-App Subscription,1441293060,PictureThis Premium,Glority Global Group Ltd.,1252497129,PictureThis - Plant Identifier,$0.00,00008020-00160D100268002E,"itunesstored/1.0 iOS/13.3.1 model/iPhone11,2 hwp/t8020 build/17D50 (6; dt:185)",73.232.114.111,,,,,,2020-03-28T18:51:34Z,,500000421626418,Visa,USD,No
405952270,2020-03-09T07:59:50Z,Apple Music Subscription,1110451842,Apple Music Student Membership,Apple Inc.,,,$4.99,a10ac19044e8c97f10b63016e693ec62e5c37ade,"Music/2.0 iOS/8.4 model/iPhone6,1 build/12H143 (6; dt:89)",70.199.225.58,,130327452669,03/09/2020,$0.00,$4.99,2020-03-09T07:59:50Z,MTJWTSH5YH,500000421626418,Visa,USD,No
405952270,2020-02-25T19:36:21Z,In-App Subscription,1468603762,Annual Subscription,Headspace Inc.,493145008,Headspace: Meditation & Sleep,$0.00,00008020-00160D100268002E,"itunesstored/1.0 iOS/13.3.1 model/iPhone11,2 hwp/t8020 build/17D50 (6; dt:185)",2600:1005:b042:a57b:897:13cc:3468:2b65,,,,,,2020-02-25T19:36:21Z,,500000421626418,Visa,USD,No
405952270,2020-02-09T08:59:59Z,Apple Music Subscription,1110451842,Apple Music Student Membership,Apple Inc.,,,$4.99,a10ac19044e8c97f10b63016e693ec62e5c37ade,"Music/2.0 iOS/8.4 model/iPhone6,1 build/12H143 (6; dt:89)",70.199.225.58,,167319976168,02/09/2020,$0.00,$4.99,2020-02-09T08:59:59Z,MTJWK4JTWK,500000421626418,Visa,USD,No
405952270,2020-01-09T08:58:55Z,Apple Music Subscription,1110451842,Apple Music Student Membership,Apple Inc.,,,$4.99,a10ac19044e8c97f10b63016e693ec62e5c37ade,"Music/2.0 iOS/8.4 model/iPhone6,1 build/12H143 (6; dt:89)",70.199.225.58,,178313313781,01/09/2020,$0.00,$4.99,2020-01-09T08:58:55Z,MTJW9410B6,500000421626418,Visa,USD,No
405952270,2019-12-09T08:59:06Z,Apple Music Subscription,1110451842,Apple Music Student Membership,Apple Inc.,,,$4.99,a10ac19044e8c97f10b63016e693ec62e5c37ade,"Music/2.0 iOS/8.4 model/iPhone6,1 build/12H143 (6; dt:89)",70.199.225.58,,170306624582,12/09/2019,$0.00,$4.99,2019-12-09T08:59:06Z,MTJW21W8D9,500000421626418,Visa,USD,No
405952270,2019-11-12T12:52:20Z,In-App Subscription,1013965454,Monthly Plex Pass,Plex Inc.,383457673,"Plex: Movies, TV, Music + more",$4.99,00008020-00160D100268002E,"itunesstored/1.0 iOS/13.1.3 model/iPhone11,2 hwp/t8020 build/17A878 (6; dt:185)",213.174.99.136,,213301523390,11/16/2019,$0.00,$4.99,2019-11-12T12:52:20Z,MTJVWG5X35,500000421626418,Visa,USD,No
405952270,2019-11-09T08:59:07Z,Apple Music Subscription,1110451842,Apple Music Student Membership,Apple Inc.,,,$4.99,a10ac19044e8c97f10b63016e693ec62e5c37ade,"Music/2.0 iOS/8.4 model/iPhone6,1 build/12H143 (6; dt:89)",70.199.225.58,,150300874211,11/09/2019,$0.00,$4.99,2019-11-09T08:59:07Z,MTJVVTNJKY,500000421626418,Visa,USD,No
405952270,2019-10-09T07:58:54Z,Apple Music Subscription,1110451842,Apple Music Student Membership,Apple Inc.,,,$4.99,a10ac19044e8c97f10b63016e693ec62e5c37ade,"Music/2.0 iOS/8.4 model/iPhone6,1 build/12H143 (6; dt:89)",70.199.225.58,,164294921447,10/09/2019,$0.00,$4.99,2019-10-09T07:58:54Z,MTJVL0534N,500000421626418,Visa,USD,No
405952270,2019-09-09T07:58:58Z,Apple Music Subscription,1110451842,Apple Music Student Membership,Apple Inc.,,,$4.99,a10ac19044e8c97f10b63016e693ec62e5c37ade,"Music/2.0 iOS/8.4 model/iPhone6,1 build/12H143 (6; dt:89)",70.199.225.58,,156289370543,09/09/2019,$0.00,$4.99,2019-09-09T07:58:58Z,MTJVBNYYMQ,500000421626418,Visa,USD,No
405952270,2019-08-09T07:59:00Z,Apple Music Subscription,1110451842,Apple Music Student Membership,Apple Inc.,,,$4.99,a10ac19044e8c97f10b63016e693ec62e5c37ade,"Music/2.0 iOS/8.4 model/iPhone6,1 build/12H143 (6; dt:89)",70.199.225.58,,205283209818,08/09/2019,$0.00,$4.99,2019-08-09T07:59:00Z,MTJTK15QNY,500000416201959,Visa,USD,No
405952270,2019-07-09T07:59:25Z,Apple Music Subscription,1110451842,Apple Music Student Membership,Apple Inc.,,,$4.99,a10ac19044e8c97f10b63016e693ec62e5c37ade,"Music/2.0 iOS/8.4 model/iPhone6,1 build/12H143 (6; dt:89)",70.199.225.58,,150278071193,07/09/2019,$0.00,$4.99,2019-07-09T07:59:25Z,MTJQN8M3XG,500000416201959,Visa,USD,No
405952270,2019-06-09T07:59:20Z,Apple Music Subscription,1110451842,Apple Music Student Membership,Apple Inc.,,,$4.99,a10ac19044e8c97f10b63016e693ec62e5c37ade,"Music/2.0 iOS/8.4 model/iPhone6,1 build/12H143 (6; dt:89)",70.199.225.58,,201272442108,06/09/2019,$0.00,$4.99,2019-06-09T07:59:20Z,MTJMX4D6KX,500000354595321,Visa,USD,No
405952270,2019-05-19T13:05:18Z,In-App Subscription,1384818321,20 Recordings/100 GB Storage,"MediaMall Technologies, Inc.",1057374225,PlayOn Cloud - Streaming DVR,$0.00,00008020-00160D100268002E,"itunesstored/1.0 iOS/12.2 model/iPhone11,2 hwp/t8020 build/16E227 (6; dt:185)",136.55.182.3,,,,,,2019-05-19T13:05:18Z,,500000354595321,Visa,USD,No
405952270,2019-05-09T07:59:05Z,Apple Music Subscription,1110451842,Apple Music Student Membership,Apple Inc.,,,$4.99,a10ac19044e8c97f10b63016e693ec62e5c37ade,"Music/2.0 iOS/8.4 model/iPhone6,1 build/12H143 (6; dt:89)",70.199.225.58,,205266859037,05/09/2019,$0.00,$4.99,2019-05-09T07:59:05Z,MTJKZ1ZGW5,500000354595321,Visa,USD,No
405952270,2019-04-09T09:58:54Z,Apple Music Subscription,1110451842,Apple Music Student Membership,Apple Inc.,,,$4.99,a10ac19044e8c97f10b63016e693ec62e5c37ade,"Music/2.0 iOS/8.4 model/iPhone6,1 build/12H143 (6; dt:89)",70.199.225.58,,125261538645,04/09/2019,$0.00,$4.99,2019-04-09T09:58:54Z,MTJJ5S1KVN,500000354595321,Visa,USD,No
405952270,2019-03-30T22:10:42Z,iOS and tvOS Apps,713993146,Land Rover InControl Remote,Land Rover,,,$0.00,00008020-00160D100268002E,"AppStore/3.0 iOS/12.1.4 model/iPhone11,2 hwp/t8020 build/16D57 (6; dt:185)",104.129.204.164,,,,,,2019-03-30T22:10:42Z,,500000354595321,Visa,USD,No
405952270,2019-03-09T10:59:10Z,Apple Music Subscription,1110451842,Apple Music Student Membership,Apple Inc.,,,$4.99,a10ac19044e8c97f10b63016e693ec62e5c37ade,"Music/2.0 iOS/8.4 model/iPhone6,1 build/12H143 (6; dt:89)",70.199.225.58,,124256534484,03/09/2019,$0.00,$4.99,2019-03-09T10:59:10Z,MTJGDHKXM1,500000354595321,Visa,USD,No
405952270,2019-02-09T10:59:23Z,Apple Music Subscription,1110451842,Apple Music Student Membership,Apple Inc.,,,$4.99,a10ac19044e8c97f10b63016e693ec62e5c37ade,"Music/2.0 iOS/8.4 model/iPhone6,1 build/12H143 (6; dt:89)",70.199.225.58,,217251512547,02/09/2019,$0.00,$4.99,2019-02-09T10:59:23Z,MTJDW286W3,500000354595321,Visa,USD,No
405952270,2019-01-09T10:59:19Z,Apple Music Subscription,1110451842,Apple Music Student Membership,Apple Inc.,,,$4.99,a10ac19044e8c97f10b63016e693ec62e5c37ade,"Music/2.0 iOS/8.4 model/iPhone6,1 build/12H143 (6; dt:89)",70.199.225.58,,142245714683,01/09/2019,$0.00,$4.99,2019-01-09T10:59:19Z,MTJB2LMS6X,500000354595321,Visa,USD,No
405952270,2018-12-23T09:06:06Z,In-App Purchases,1049711630,Premium,Tiny Whale Pte. Ltd.,1049711205,Lively - Live Photo to GIF,$2.99,00008020-00160D100268002E,"itunesstored/1.0 iOS/12.1 model/iPhone11,2 hwp/t8020 build/16B92 (6; dt:185)",210.169.117.125,,180243570005,12/27/2018,$0.00,$2.99,2018-12-23T09:06:06Z,MTJ9GNKFXX,500000354595321,Visa,USD,No
405952270,2018-12-17T01:45:29Z,iOS and tvOS Apps,401457165,System Status Pro: hw monitor,Jiri Techet,,,$3.99,00008020-00160D100268002E,"AppStore/3.0 iOS/12.1 model/iPhone11,2 hwp/t8020 build/16B92 (6; dt:185)",24.30.113.75,,165242411664,12/20/2018,$0.00,$3.99,2018-12-17T01:45:29Z,MTJ911F9M6,500000354595321,Visa,USD,No
405952270,2018-12-09T10:59:40Z,Apple Music Subscription,1110451842,Apple Music Student Membership,Apple Inc.,,,$4.99,a10ac19044e8c97f10b63016e693ec62e5c37ade,"Music/2.0 iOS/8.4 model/iPhone6,1 build/12H143 (6; dt:89)",70.199.225.58,,115240977909,12/09/2018,$0.00,$4.99,2018-12-09T10:59:40Z,MTJ8KSJ5QF,500000354595321,Visa,USD,No
405952270,2018-11-09T10:59:36Z,Apple Music Subscription,1110451842,Apple Music Student Membership,Apple Inc.,,,$4.99,a10ac19044e8c97f10b63016e693ec62e5c37ade,"Music/2.0 iOS/8.4 model/iPhone6,1 build/12H143 (6; dt:89)",70.199.225.58,,121235680585,11/09/2018,$0.00,$4.99,2018-11-09T10:59:36Z,MTJ71HK9H8,500000354595321,Visa,USD,No
405952270,2018-10-09T10:01:37Z,Apple Music Subscription,1110451842,Apple Music Student Membership,Apple Inc.,,,$4.99,a10ac19044e8c97f10b63016e693ec62e5c37ade,"Music/2.0 iOS/8.4 model/iPhone6,1 build/12H143 (6; dt:89)",70.199.225.58,,158230719114,10/09/2018,$0.00,$4.99,2018-10-09T10:01:37Z,MTJ59SDSF3,500000354595321,Visa,USD,No
405952270,2018-10-06T15:32:03Z,iOS and tvOS Apps,361285480,Keynote,Apple Inc.,,,$0.00,00008020-00160D100268002E,"com.apple.appstored/1.0 iOS/12.0 model/iPhone11,2 hwp/t8020 build/16A366 (6; dt:185)",24.30.113.75,,,,,,2018-10-06T15:32:03Z,,500000354595321,Visa,USD,No
405952270,2018-10-06T15:32:03Z,iOS and tvOS Apps,1212699939,Clips,Apple Inc.,,,$0.00,00008020-00160D100268002E,"com.apple.appstored/1.0 iOS/12.0 model/iPhone11,2 hwp/t8020 build/16A366 (6; dt:185)",24.30.113.75,,,,,,2018-10-06T15:32:03Z,,500000354595321,Visa,USD,No
405952270,2018-10-06T15:32:03Z,iOS and tvOS Apps,490217893,iTunes U,Apple Inc.,,,$0.00,00008020-00160D100268002E,"com.apple.appstored/1.0 iOS/12.0 model/iPhone11,2 hwp/t8020 build/16A366 (6; dt:185)",24.30.113.75,,,,,,2018-10-06T15:32:03Z,,500000354595321,Visa,USD,No
405952270,2018-10-06T15:32:03Z,iOS and tvOS Apps,408709785,GarageBand,Apple Inc.,,,$0.00,00008020-00160D100268002E,"com.apple.appstored/1.0 iOS/12.0 model/iPhone11,2 hwp/t8020 build/16A366 (6; dt:185)",24.30.113.75,,,,,,2018-10-06T15:32:03Z,,500000354595321,Visa,USD,No
405952270,2018-10-06T15:32:03Z,iOS and tvOS Apps,377298193,iMovie,Apple Inc.,,,$0.00,00008020-00160D100268002E,"com.apple.appstored/1.0 iOS/12.0 model/iPhone11,2 hwp/t8020 build/16A366 (6; dt:185)",24.30.113.75,,,,,,2018-10-06T15:32:03Z,,500000354595321,Visa,USD,No
405952270,2018-10-06T15:32:03Z,iOS and tvOS Apps,375380948,Apple Store,Apple Inc.,,,$0.00,00008020-00160D100268002E,"com.apple.appstored/1.0 iOS/12.0 model/iPhone11,2 hwp/t8020 build/16A366 (6; dt:185)",24.30.113.75,,,,,,2018-10-06T15:32:03Z,,500000354595321,Visa,USD,No
405952270,2018-10-06T15:32:03Z,iOS and tvOS Apps,361309726,Pages,Apple Inc.,,,$0.00,00008020-00160D100268002E,"com.apple.appstored/1.0 iOS/12.0 model/iPhone11,2 hwp/t8020 build/16A366 (6; dt:185)",24.30.113.75,,,,,,2018-10-06T15:32:03Z,,500000354595321,Visa,USD,No
405952270,2018-10-06T15:32:03Z,iOS and tvOS Apps,361304891,Numbers,Apple Inc.,,,$0.00,00008020-00160D100268002E,"com.apple.appstored/1.0 iOS/12.0 model/iPhone11,2 hwp/t8020 build/16A366 (6; dt:185)",24.30.113.75,,,,,,2018-10-06T15:32:03Z,,500000354595321,Visa,USD,No
405952270,2018-09-09T09:59:16Z,Apple Music Subscription,1110451842,Apple Music Student Membership,Apple Inc.,,,$4.99,a10ac19044e8c97f10b63016e693ec62e5c37ade,"Music/2.0 iOS/8.4 model/iPhone6,1 build/12H143 (6; dt:89)",70.199.225.58,,137225696729,09/09/2018,$0.00,$4.99,2018-09-09T09:59:16Z,MTJ3TGDDVG,500000354595321,Visa,USD,No
405952270,2018-08-09T10:08:17Z,Apple Music Subscription,1110451842,Apple Music Student Membership,Apple Inc.,,,$4.99,a10ac19044e8c97f10b63016e693ec62e5c37ade,"Music/2.0 iOS/8.4 model/iPhone6,1 build/12H143 (6; dt:89)",70.199.225.58,,190221134761,08/09/2018,$0.00,$4.99,2018-08-09T10:08:17Z,MTJ24FV6QQ,500000354595321,Visa,USD,No
405952270,2018-07-22T18:22:13Z,iOS and tvOS Apps,1046510029,Bose Connect,Bose Corporation,,,$0.00,d798ce08255eac76bd946dc3f0321b33036efcdc,"AppStore/3.0 iOS/11.4 model/iPhone8,1 hwp/s8003 build/15F79 (6; dt:141)",174.235.8.24,,,,,,2018-07-21T21:13:12Z,,500000354595321,Visa,USD,No
405952270,2018-07-21T21:13:12Z,iOS and tvOS Apps,395979574,Spider Solitaire: Card Game,Mobilityware,,,$0.00,d798ce08255eac76bd946dc3f0321b33036efcdc,"com.apple.AppStore.ProductPageExtension/1.0 iOS/11.4 model/iPhone8,1 hwp/s8003 build/15F79 (6; dt:141)",174.235.0.177,,,,,,2018-07-21T21:13:12Z,,500000354595321,Visa,USD,No
405952270,2018-07-09T13:38:20Z,Apple Music Subscription,1110451842,Apple Music Student Membership,Apple Inc.,,,$4.99,a10ac19044e8c97f10b63016e693ec62e5c37ade,"Music/2.0 iOS/8.4 model/iPhone6,1 build/12H143 (6; dt:89)",70.199.225.58,,177216656108,07/09/2018,$0.00,$4.99,2018-07-09T13:38:20Z,MTJ0K549GL,500000354595321,Visa,USD,No
405952270,2018-06-09T09:58:56Z,Apple Music Subscription,1110451842,Apple Music Student Membership,Apple Inc.,,,$4.99,a10ac19044e8c97f10b63016e693ec62e5c37ade,"Music/2.0 iOS/8.4 model/iPhone6,1 build/12H143 (6; dt:89)",70.199.225.58,,134212281287,06/09/2018,$0.00,$4.99,2018-06-09T09:58:56Z,MTHZ1GB3X5,500000177653777,Visa,USD,No
405952270,2018-05-09T09:59:01Z,Apple Music Subscription,1110451842,Apple Music Student Membership,Apple Inc.,,,$4.99,a10ac19044e8c97f10b63016e693ec62e5c37ade,"Music/2.0 iOS/8.4 model/iPhone6,1 build/12H143 (6; dt:89)",70.199.225.58,,118208661607,05/09/2018,$0.00,$4.99,2018-05-09T09:59:01Z,MTHXFN1LWS,500000177653777,Visa,USD,No
405952270,2018-04-09T09:59:07Z,Apple Music Subscription,1110451842,Apple Music Student Membership,Apple Inc.,,,$4.99,a10ac19044e8c97f10b63016e693ec62e5c37ade,"Music/2.0 iOS/8.4 model/iPhone6,1 build/12H143 (6; dt:89)",70.199.225.58,,143203955110,04/09/2018,$0.00,$4.99,2018-04-09T09:59:07Z,MTHVY34Y2M,500000177653777,Visa,USD,No
405952270,2018-03-09T11:00:22Z,Apple Music Subscription,1110451842,Apple Music Student Membership,Apple Inc.,,,$4.99,a10ac19044e8c97f10b63016e693ec62e5c37ade,"Music/2.0 iOS/8.4 model/iPhone6,1 build/12H143 (6; dt:89)",70.199.225.58,,187199692900,03/09/2018,$0.00,$4.99,2018-03-09T11:00:22Z,MTHTDGDBV0,500000177653777,Visa,USD,No
405952270,2018-02-09T10:59:17Z,Apple Music Subscription,1110451842,Apple Music Student Membership,Apple Inc.,,,$4.99,a10ac19044e8c97f10b63016e693ec62e5c37ade,"Music/2.0 iOS/8.4 model/iPhone6,1 build/12H143 (6; dt:89)",70.199.225.58,,173195139260,02/09/2018,$0.00,$4.99,2018-02-09T10:59:17Z,MTHS5WX1N0,500000177653777,Visa,USD,No
405952270,2018-01-09T10:59:08Z,Apple Music Subscription,1110451842,Apple Music Student Membership,Apple Inc.,,,$4.99,a10ac19044e8c97f10b63016e693ec62e5c37ade,"Music/2.0 iOS/8.4 model/iPhone6,1 build/12H143 (6; dt:89)",70.199.225.58,,136191119337,01/09/2018,$0.00,$4.99,2018-01-09T10:59:08Z,MTHNNX9417,500000177653777,Visa,USD,No
405952270,2017-12-25T00:32:16Z,iOS and tvOS Apps,1124197642,GamePigeon,Vitalii Zlotskii|1089837404,,,$0.00,d798ce08255eac76bd946dc3f0321b33036efcdc,"AppStore/3.0 iOS/11.2.1 model/iPhone8,1 hwp/s8003 build/15C153 (6; dt:141)",38.122.48.162,,,,,,2017-12-25T00:32:16Z,,500000177653777,Visa,USD,No
405952270,2017-12-09T10:59:18Z,Apple Music Subscription,1110451842,Apple Music Student Membership,Apple Inc.,,,$4.99,a10ac19044e8c97f10b63016e693ec62e5c37ade,"Music/2.0 iOS/8.4 model/iPhone6,1 build/12H143 (6; dt:89)",70.199.225.58,,199186368610,12/09/2017,$0.00,$4.99,2017-12-09T10:59:18Z,MTHMJK8W0F,500000177653777,Visa,USD,No
405952270,2017-11-09T10:59:08Z,Apple Music Subscription,1110451842,Apple Music Student Membership,Apple Inc.,,,$4.99,a10ac19044e8c97f10b63016e693ec62e5c37ade,"Music/2.0 iOS/8.4 model/iPhone6,1 build/12H143 (6; dt:89)",70.199.225.58,,142182756693,11/09/2017,$0.00,$4.99,2017-11-09T10:59:08Z,MTHL4F2GZ8,500000177653777,Visa,USD,No
405952270,2017-10-09T09:59:04Z,Apple Music Subscription,1110451842,Apple Music Student Membership,Apple Inc.,,,$4.99,a10ac19044e8c97f10b63016e693ec62e5c37ade,"Music/2.0 iOS/8.4 model/iPhone6,1 build/12H143 (6; dt:89)",70.199.225.58,,191179217296,10/09/2017,$0.00,$4.99,2017-10-09T09:59:04Z,MTHJNL11F0,500000177653777,Visa,USD,No
405952270,2017-09-15T02:22:35Z,iOS and tvOS Apps,568543007,NFL Network,NFL Enterprises  LLC,,,$0.00,d798ce08255eac76bd946dc3f0321b33036efcdc,"com.apple.appstored/1.0 iOS/10.3.3 model/iPhone8,1 hwp/s8003 build/14G60 (6; dt:141)",136.59.252.127,,,,,,2017-09-15T02:22:35Z,,500000177653777,Visa,USD,No
405952270,2017-09-09T09:59:24Z,Apple Music Subscription,1110451842,Apple Music Student Membership,Apple Inc.,,,$4.99,a10ac19044e8c97f10b63016e693ec62e5c37ade,"Music/2.0 iOS/8.4 model/iPhone6,1 build/12H143 (6; dt:89)",70.199.225.58,,125175117889,09/09/2017,$0.00,$4.99,2017-09-09T09:59:24Z,MTHHBXD63Q,500000177653777,Visa,USD,No
405952270,2017-08-09T09:59:08Z,Apple Music Subscription,1110451842,Apple Music Student Membership,Apple Inc.,,,$4.99,a10ac19044e8c97f10b63016e693ec62e5c37ade,"Music/2.0 iOS/8.4 model/iPhone6,1 build/12H143 (6; dt:89)",70.199.225.58,,118172217134,08/09/2017,$0.00,$4.99,2017-08-09T09:59:08Z,MTHG537NF9,500000177653777,Visa,USD,No
405952270,2017-07-09T09:59:24Z,Apple Music Subscription,1110451842,Apple Music Student Membership,Apple Inc.,,,$4.99,a10ac19044e8c97f10b63016e693ec62e5c37ade,"Music/2.0 iOS/8.4 model/iPhone6,1 build/12H143 (6; dt:89)",70.199.225.58,,116168105558,07/09/2017,$0.00,$4.99,2017-07-09T09:59:24Z,MTHF5FG1NQ,500000177653777,Visa,USD,No
405952270,2017-06-09T09:58:53Z,Apple Music Subscription,1110451842,Apple Music Student Membership,Apple Inc.,,,$4.99,a10ac19044e8c97f10b63016e693ec62e5c37ade,"Music/2.0 iOS/8.4 model/iPhone6,1 build/12H143 (6; dt:89)",70.199.225.58,,159164945950,06/09/2017,$0.00,$4.99,2017-06-09T09:58:53Z,MTHD6KDXWZ,500000177653777,Visa,USD,No
405952270,2017-05-09T09:59:11Z,Apple Music Subscription,1110451842,Apple Music Student Membership,Apple Inc.,,,$4.99,a10ac19044e8c97f10b63016e693ec62e5c37ade,"Music/2.0 iOS/8.4 model/iPhone6,1 build/12H143 (6; dt:89)",70.199.225.58,,126161495874,05/09/2017,$0.00,$4.99,2017-05-09T09:59:11Z,MTHB4ZL6BJ,500000177653777,Visa,USD,No
405952270,2017-04-09T09:59:23Z,Apple Music Subscription,1110451842,Apple Music Student Membership,Apple Inc.,,,$4.99,a10ac19044e8c97f10b63016e693ec62e5c37ade,"Music/2.0 iOS/8.4 model/iPhone6,1 build/12H143 (6; dt:89)",70.199.225.58,,128157887578,04/09/2017,$0.00,$4.99,2017-04-09T09:59:23Z,MTH95QB9YL,500000177653777,Visa,USD,No
405952270,2017-03-09T10:58:55Z,Apple Music Subscription,1110451842,Apple Music Student Membership,Apple Inc.,,,$4.99,a10ac19044e8c97f10b63016e693ec62e5c37ade,"Music/2.0 iOS/8.4 model/iPhone6,1 build/12H143 (6; dt:89)",70.199.225.58,,117154671351,03/09/2017,$0.00,$4.99,2017-03-09T10:58:55Z,MTH85WM0V5,500000177653777,Visa,USD,No
405952270,2017-02-13T15:07:37Z,iOS and tvOS Apps,650684932,OBD Fusion,OCTECH LLC,,,$9.99,d798ce08255eac76bd946dc3f0321b33036efcdc,"AppStore/2.0 iOS/10.2.1 model/iPhone8,1 hwp/s8003 build/14D27 (6; dt:141)",130.207.218.197,,207151818823,02/13/2017,$0.00,$9.99,2017-02-09T21:25:24Z,MTH7DN1288,500000177653777,Visa,USD,No
405952270,2017-02-09T10:58:59Z,Apple Music Subscription,1110451842,Apple Music Student Membership,Apple Inc.,,,$4.99,a10ac19044e8c97f10b63016e693ec62e5c37ade,"Music/2.0 iOS/8.4 model/iPhone6,1 build/12H143 (6; dt:89)",70.199.225.58,,184151375698,02/09/2017,$0.00,$4.99,2017-02-09T10:58:59Z,MTH7D80XND,500000177653777,Visa,USD,No
405952270,2017-01-09T10:58:59Z,Apple Music Subscription,1110451842,Apple Music Student Membership,Apple Inc.,,,$4.99,a10ac19044e8c97f10b63016e693ec62e5c37ade,"Music/2.0 iOS/8.4 model/iPhone6,1 build/12H143 (6; dt:89)",70.199.225.58,,110147812413,01/09/2017,$0.00,$4.99,2017-01-09T10:58:59Z,MTH6HS16JT,500000177653777,Visa,USD,No
405952270,2016-12-13T23:40:46Z,In-App Purchases,690603465,Runtastic Six Pack Abs App Full Version incl. all features,runtastic GmbH,685857245,Runtastic Six Pack Abs Workout,$4.99,d798ce08255eac76bd946dc3f0321b33036efcdc,"itunesstored/1.0 iOS/10.1.1 model/iPhone8,1 hwp/s8003 build/14B100 (6; dt:141)",130.207.218.197,,133144879575,12/17/2016,$0.00,$4.99,2016-12-13T23:40:46Z,MTH5VVS90H,500000177653777,Visa,USD,No
405952270,2016-12-09T10:59:25Z,Apple Music Subscription,1110451842,Apple Music Student Membership,Apple Inc.,,,$4.99,a10ac19044e8c97f10b63016e693ec62e5c37ade,"Music/2.0 iOS/8.4 model/iPhone6,1 build/12H143 (6; dt:89)",70.199.225.58,,216144407029,12/09/2016,$0.00,$4.99,2016-12-09T10:59:25Z,MTH5NZXTNK,500000177653777,Visa,USD,No
405952270,2016-11-09T16:58:52Z,Apple Music Subscription,1110451842,Apple Music Student Membership,Apple Inc.,,,$4.99,d798ce08255eac76bd946dc3f0321b33036efcdc,"Music/3.0 iOS/10.1.1 model/iPhone8,1 hwp/s8003 build/14B100 (6; dt:141)",130.207.218.197,,126142076058,11/09/2016,$0.00,$4.99,2016-11-09T16:58:52Z,MTH4WL8BNH,500000177653777,Visa,USD,No
405952270,2015-12-31T03:15:12Z,iOS and tvOS Apps,562315041,Network Analyzer,Jiri Techet,,,$0.00,a10ac19044e8c97f10b63016e693ec62e5c37ade,"AppStore/2.0 iOS/9.2 model/iPhone6,1 hwp/s5l8960x build/13C75 (6; dt:89)",73.255.12.77,,,,,,2015-12-31T03:15:12Z,,500000059328930,MasterCard,USD,No
405952270,2015-09-24T21:07:34Z,iOS and tvOS Apps,376101648,Find My iPhone,Apple Inc.,,,$0.00,a10ac19044e8c97f10b63016e693ec62e5c37ade,"itunesstored/1.0 iOS/9.0.1 model/iPhone6,1 hwp/s5l8960x build/13A404 (6; dt:89)",50.180.212.64,,,,,,2015-09-24T21:07:34Z,,500000059328930,MasterCard,USD,No
405952270,2015-09-24T21:07:34Z,iOS and tvOS Apps,466122094,Find My Friends,Apple Inc.,,,$0.00,a10ac19044e8c97f10b63016e693ec62e5c37ade,"itunesstored/1.0 iOS/9.0.1 model/iPhone6,1 hwp/s5l8960x build/13A404 (6; dt:89)",50.180.212.64,,,,,,2015-09-24T21:07:34Z,,500000059328930,MasterCard,USD,No
405952270,2015-08-08T17:37:37Z,Apple Music Subscription,960073716,Apple Music Single Membership,Apple Inc.,,,$0.00,a10ac19044e8c97f10b63016e693ec62e5c37ade,"Music/2.0 iOS/8.4 model/iPhone6,1 build/12H143 (6; dt:89)",70.199.225.58,,,,,,2015-08-08T17:37:37Z,,500000059328930,MasterCard,USD,No
405952270,2015-02-02T16:21:12Z,Songs,963397690,Blessings (feat. Drake),The Universal Music Group,963397688,Dark Sky Paradise (Deluxe),$1.29,a10ac19044e8c97f10b63016e693ec62e5c37ade,"MobileStore/1.0 iOS/8.1.3 model/iPhone6,1 build/12B466 (6; dt:89)",70.193.138.7,,210093638541,02/05/2015,$0.11,$1.40,2015-02-02T16:21:12Z,MHL9VZMDB9,500000059328930,MasterCard,USD,No
405952270,2014-09-18T13:47:14Z,iOS and tvOS Apps,364709193,Apple Books,Apple Inc.,,,$0.00,a10ac19044e8c97f10b63016e693ec62e5c37ade,"itunesstored/1.0 iOS/8.0 model/iPhone6,1 build/12A365 (6; dt:89)",69.180.30.190,,,,,,2014-09-18T13:47:14Z,,500000042692138,MasterCard,USD,No
405952270,2014-09-18T13:47:14Z,iOS and tvOS Apps,525463029,Apple Podcasts,Apple Inc.,,,$0.00,a10ac19044e8c97f10b63016e693ec62e5c37ade,"itunesstored/1.0 iOS/8.0 model/iPhone6,1 build/12A365 (6; dt:89)",69.180.30.190,,,,,,2014-09-18T13:47:14Z,,500000042692138,MasterCard,USD,No
405952270,2014-08-19T14:27:39Z,Songs,899246115,0 To 100 / The Catch Up,The Universal Music Group,899246080,0 To 100 / The Catch Up - Single,$1.29,a10ac19044e8c97f10b63016e693ec62e5c37ade,"MobileStore/1.0 iOS/7.1.1 model/iPhone6,1 build/11D201 (6; dt:89)",128.61.29.197,,166082536197,08/22/2014,$0.11,$1.40,2014-08-19T14:27:39Z,MHL8809D68,500000042692138,MasterCard,USD,No
405952270,2014-07-07T14:21:44Z,iOS and tvOS Apps,290638154,"iHeart: Radio, Music, Podcasts","iHeartMedia Management Services, Inc.",,,$0.00,a10ac19044e8c97f10b63016e693ec62e5c37ade,"AppStore/2.0 iOS/7.1.1 model/iPhone6,1 build/11D201 (6; dt:89)",70.194.70.215,,,,,,2014-07-07T14:21:44Z,,500000042692138,MasterCard,USD,No
405952270,2014-06-22T13:51:38Z,iOS and tvOS Apps,672188283,US Airways,US Airways,,,$0.00,a10ac19044e8c97f10b63016e693ec62e5c37ade,"AppStore/2.0 iOS/7.1.1 model/iPhone6,1 build/11D201 (6; dt:89)",70.215.69.39,,,,,,2014-06-22T13:51:38Z,,500000042692138,MasterCard,USD,No
405952270,2014-05-27T23:37:46Z,iOS and tvOS Apps,536049508,Full Fitness : Exercise Workout Trainer,Mehrdad Mehrain|278204257,,,$1.99,a10ac19044e8c97f10b63016e693ec62e5c37ade,"AppStore/2.0 iOS/7.1.1 model/iPhone6,1 build/11D201 (6; dt:89)",70.194.107.59,,206076906685,05/27/2014,$0.16,$2.15,2014-05-27T22:51:52Z,MHL7KWT8BD,500000042692138,MasterCard,USD,No
405952270,2014-04-13T04:40:30Z,iOS and tvOS Apps,368677368,Uber - Request a ride,"Uber Technologies, Inc.",,,$0.00,a10ac19044e8c97f10b63016e693ec62e5c37ade,"AppStore/2.0 iOS/7.1 model/iPhone6,1 build/11D167 (6; dt:89)",70.193.129.151,,,,,,2014-04-13T04:40:30Z,,500000042692138,MasterCard,USD,No
405952270,2014-03-29T01:45:23Z,Songs,816475892,The Devil Is a Lie (feat. JAY Z),The Universal Music Group,816474784,Mastermind (Deluxe Version),$1.29,0B755483.3F6B2A75.00000000.0306924D.039DE2D4.FDFBF3E2.EAE7D8C0,iTunes/11.1.5 (Windows; Microsoft Windows 8 x64 Business Edition (Build 9200)) AppleWebKit/537.60.15,76.97.244.161,,207073570558,04/05/2014,$0.11,$1.40,2014-03-26T19:50:05Z,MHL734449S,500000042438217,Visa,USD,No
405952270,2014-02-23T16:42:44Z,Songs,799676143,Collard Greens (feat. Kendrick Lamar),The Universal Music Group,799676139,Oxymoron (Deluxe Version),$1.29,0B755483.3F6B2A75.00000000.0306924D.039DE2D4.FDFBF3E2.EAE7D8C0,iTunes/11.1.4 (Windows; Microsoft Windows 8 x64 Business Edition (Build 9200)) AppleWebKit/537.60.11,76.97.244.161,,196070904191,02/26/2014,$0.11,$1.40,2014-02-23T16:42:44Z,MHL6W9T5M3,500000036206777,MasterCard,USD,No
405952270,2013-12-01T01:03:35Z,Songs,662393051,Bound 2,The Universal Music Group,662392801,Yeezus,$1.29,0B755483.3F6B2A75.00000000.0306924D.039DE2D4.FDFBF3E2.EAE7D8C0,iTunes/11.1.3 (Windows; Microsoft Windows 8 x64 Business Edition (Build 9200)) AppleWebKit/536.30.1,70.138.59.13,,114065371269,11/30/2013,$0.11,$1.40,2013-12-01T01:03:35Z,MHL6837NJ9,500000036206727,MasterCard,USD,No
405952270,2013-09-30T23:37:44Z,Songs,705503646,All Me (feat. 2 Chainz & Big Sean),The Universal Music Group,705503499,Nothing Was the Same (Deluxe),$1.29,DAA6E749.3F6B2A75.00000000.0306924D.039DE2D4.FDFBF3E2.76F469D1,iTunes/11.0.4 (Windows; Microsoft Windows 8 x64 Business Edition (Build 9200)) AppleWebKit/536.30.1,76.97.244.161,,147061376304,10/04/2013,$0.11,$1.40,2013-09-30T23:37:44Z,MHL5W7Q6N0,500000028518561,MasterCard,USD,No
405952270,2013-09-22T20:35:23Z,Songs,3678196,Devil's Right Hand,The Universal Music Group,3678296,Unearthed (Box Set),$1.29,DAA6E749.3F6B2A75.00000000.0306924D.039DE2D4.FDFBF3E2.76F469D1,iTunes/11.0.4 (Windows; Microsoft Windows 8 x64 Business Edition (Build 9200)) AppleWebKit/536.30.1,76.97.244.161,,149060729332,09/26/2013,$0.11,$1.40,2013-09-22T20:35:23Z,MHL5T5VKLK,500000028518561,MasterCard,USD,No
405952270,2013-09-08T02:40:52Z,Songs,691239065,We Can't Stop,Sony Music,691238659,Bangerz (Deluxe Version),$1.29,DAA6E749.3F6B2A75.00000000.0306924D.039DE2D4.FDFBF3E2.76F469D1,iTunes/11.0.4 (Windows; Microsoft Windows 8 x64 Business Edition (Build 9200)) AppleWebKit/536.30.1,76.97.244.161,,207060096101,09/11/2013,$0.11,$1.40,2013-09-08T02:40:52Z,MHL5MY3N9L,500000028518561,MasterCard,USD,No
405952270,2013-08-06T17:02:40Z,Songs,604174252,Fame Is for Assholes (feat. Chiddy),"TuneCore, Inc",604173878,Fame Is for Assholes (feat. Chiddy) - Single,$1.29,DAA6E749.3F6B2A75.00000000.0306924D.039DE2D4.FDFBF3E2.76F469D1,iTunes/11.0.4 (Windows; Microsoft Windows 8 x64 Business Edition (Build 9200)) AppleWebKit/536.30.1,70.138.59.13,,148057800209,08/09/2013,$0.11,$1.40,2013-08-06T17:02:40Z,MHL5GYLVW0,500000028518561,MasterCard,USD,No
405952270,2013-07-31T22:05:45Z,Songs,292366022,Wonderful World,Sony Music,292365827,Greatest Hits,$1.29,DAA6E749.3F6B2A75.00000000.0306924D.039DE2D4.FDFBF3E2.76F469D1,iTunes/11.0.4 (Windows; Microsoft Windows 8 x64 Business Edition (Build 9200)) AppleWebKit/536.30.1,128.61.101.98,,124057692707,08/04/2013,$0.11,$1.40,2013-07-31T22:05:45Z,MHL5G1L2Z6,500000028518561,MasterCard,USD,No
405952270,2013-07-09T04:26:48Z,Songs,193196855,Give It Away,The Universal Music Group,193196853,It Just Comes Natural,$1.29,DAA6E749.3F6B2A75.00000000.0306924D.039DE2D4.FDFBF3E2.76F469D1,iTunes/11.0.4 (Windows; Microsoft Windows 8 x64 Business Edition (Build 9200)) AppleWebKit/536.30.1,128.61.101.98,,193056334742,07/12/2013,$0.11,$1.40,2013-07-09T04:26:48Z,MHL59LKHWF,500000028518561,MasterCard,USD,No
405952270,2013-06-22T20:46:39Z,Songs,594629656,Show Out (feat. Young Jeezy & Big Sean),Sony Music,594629652,Show Out (feat. Young Jeezy & Big Sean) - Single,$1.29,DAA6E749.3F6B2A75.00000000.0306924D.039DE2D4.FDFBF3E2.76F469D1,iTunes/11.0.4 (Windows; Microsoft Windows 8 x64 Business Edition (Build 9200)) AppleWebKit/536.30.1,128.61.36.116,,113055151732,06/26/2013,$0.32,$4.19,2013-06-22T20:21:58Z,MHL57BD2YX,500000028518561,MasterCard,USD,No
405952270,2013-06-22T20:23:04Z,Songs,634434432,Downtown,DO NOT USE - EMI Music,634433793,Golden,$1.29,DAA6E749.3F6B2A75.00000000.0306924D.039DE2D4.FDFBF3E2.76F469D1,iTunes/11.0.4 (Windows; Microsoft Windows 8 x64 Business Edition (Build 9200)) AppleWebKit/536.30.1,128.61.36.116,,113055151732,06/26/2013,$0.32,$4.19,2013-06-22T20:21:58Z,MHL57BD2YX,500000028518561,MasterCard,USD,No
405952270,2013-06-22T20:21:58Z,Songs,295740275,Where the Boat Leaves From,The Warner Music Group,295740272,The Foundation (Deluxe Version),$1.29,DAA6E749.3F6B2A75.00000000.0306924D.039DE2D4.FDFBF3E2.76F469D1,iTunes/11.0.4 (Windows; Microsoft Windows 8 x64 Business Edition (Build 9200)) AppleWebKit/536.30.1,128.61.36.116,,113055151732,06/26/2013,$0.32,$4.19,2013-06-22T20:21:58Z,MHL57BD2YX,500000028518561,MasterCard,USD,No
405952270,2013-06-11T20:07:23Z,Songs,436375665,Country Sh*t (Remix) [feat. Ludacris & Bun B],The Universal Music Group,436375662,Country Sh*t (Remix) [feat. Ludacris & Bun B] - Single,$1.29,DAA6E749.3F6B2A75.00000000.0306924D.039DE2D4.FDFBF3E2.76F469D1,iTunes/11.0.4 (Windows; Microsoft Windows 8 x64 Business Edition (Build 9200)) AppleWebKit/536.30.1,128.61.36.116,,137054390901,06/15/2013,$0.11,$1.40,2013-06-11T20:07:23Z,MHL55JS584,500000028518561,MasterCard,USD,No
405952270,2013-05-12T23:43:11Z,Songs,259754054,Last Dollar (Fly Away),Curb Records,259754050,Let It Go,$1.29,DAA6E749.3F6B2A75.00000000.0306924D.039DE2D4.FDFBF3E2.76F469D1,iTunes/11.0.2 (Windows; Microsoft Windows 8 x64 Business Edition (Build 9200)) AppleWebKit/536.27.1,128.61.36.116,,182053204952,05/16/2013,$0.11,$1.40,2013-05-12T23:43:11Z,MHL51F0HKM,500000028518561,MasterCard,USD,No
405952270,2013-05-09T03:55:28Z,Songs,539428841,Jump Right In,The Warner Music Group,539428840,Uncaged,$1.29,DAA6E749.3F6B2A75.00000000.0306924D.039DE2D4.FDFBF3E2.76F469D1,iTunes/11.0.2 (Windows; Microsoft Windows 8 x64 Business Edition (Build 9200)) AppleWebKit/536.27.1,70.138.59.13,,115053146714,05/12/2013,$0.11,$1.40,2013-05-09T03:55:28Z,MHL50XMKL1,500000028518561,MasterCard,USD,No
405952270,2013-03-25T02:43:50Z,Songs,266075284,Whole Lotta Love,The Warner Music Group,266075192,Mothership (Remastered),$1.29,DAA6E749.3F6B2A75.00000000.0306924D.039DE2D4.FDFBF3E2.76F469D1,iTunes/11.0.2 (Windows; Microsoft Windows 8 x64 Business Edition (Build 9200)) AppleWebKit/536.27.1,70.138.59.13,,113049459997,03/24/2013,$0.11,$1.40,2013-03-25T02:43:50Z,MHL4TDHXSB,500000028518561,Store Credit,USD,No
405952270,2013-03-23T20:01:11Z,Songs,496363003,The Nosebleed Section,The Universal Music Group,496362961,State of the Art,$0.99,DAA6E749.3F6B2A75.00000000.0306924D.039DE2D4.FDFBF3E2.76F469D1,iTunes/11.0.2 (Windows; Microsoft Windows 8 x64 Business Edition (Build 9200)) AppleWebKit/536.27.1,70.138.59.13,,194049530600,03/24/2013,$0.19,$2.47,2013-03-23T19:59:21Z,MHL4T6W835,500000028518561,Store Credit,USD,No
405952270,2013-03-23T19:59:21Z,Songs,280508856,Good Day,The Universal Music Group,280508835,Good Day - Single,$1.29,DAA6E749.3F6B2A75.00000000.0306924D.039DE2D4.FDFBF3E2.76F469D1,iTunes/11.0.2 (Windows; Microsoft Windows 8 x64 Business Edition (Build 9200)) AppleWebKit/536.27.1,70.138.59.13,,194049530600,03/24/2013,$0.19,$2.47,2013-03-23T19:59:21Z,MHL4T6W835,500000028518561,Store Credit,USD,No
405952270,2013-03-16T03:41:02Z,Songs,600730160,Started from the Bottom,The Universal Music Group,600730144,Started from the Bottom - Single,$1.29,DAA6E749.3F6B2A75.00000000.0306924D.039DE2D4.FDFBF3E2.76F469D1,iTunes/11.0.2 (Windows; Microsoft Windows 8 x64 Business Edition (Build 9200)) AppleWebKit/536.27.1,128.61.101.98,,134049144128,03/16/2013,$0.11,$1.40,2013-03-16T03:41:02Z,MHL4S2LWNV,500000028518561,Store Credit,USD,No
405952270,2013-03-11T22:58:32Z,Songs,578036590,Love Sosa,The Universal Music Group,578036589,Finally Rich (Deluxe Version),$1.29,DAA6E749.3F6B2A75.00000000.0306924D.039DE2D4.FDFBF3E2.76F469D1,iTunes/11.0.2 (Windows; Microsoft Windows 8 x64 Business Edition (Build 9200)) AppleWebKit/536.27.1,128.61.101.98,,153048847881,03/12/2013,$0.29,$3.86,2013-03-11T21:40:07Z,MHL4QH4KD7,500000028518561,Store Credit,USD,No
405952270,2013-03-11T22:58:14Z,Songs,589188447,All Gold Everything,The Universal Music Group,589188437,All Gold Everything - Single,$1.29,DAA6E749.3F6B2A75.00000000.0306924D.039DE2D4.FDFBF3E2.76F469D1,iTunes/11.0.2 (Windows; Microsoft Windows 8 x64 Business Edition (Build 9200)) AppleWebKit/536.27.1,128.61.101.98,,153048847881,03/12/2013,$0.29,$3.86,2013-03-11T21:40:07Z,MHL4QH4KD7,500000028518561,Store Credit,USD,No
405952270,2013-03-11T21:40:07Z,Songs,462129060,The Thizzle Dance (Mixed Version by DJ Vlad),IODA,462129011,Don't Hate the Playa Hate the Game #4 - Hosted by DJ Vlad,$0.99,DAA6E749.3F6B2A75.00000000.0306924D.039DE2D4.FDFBF3E2.76F469D1,iTunes/11.0.1 (Windows; (Build 9200)) AppleWebKit/536.27.1,128.61.101.98,,153048847881,03/12/2013,$0.29,$3.86,2013-03-11T21:40:07Z,MHL4QH4KD7,500000028518561,Store Credit,USD,No
405952270,2013-03-06T15:42:05Z,Songs,216114464,Renegade,The Universal Music Group,216114339,The Blueprint,$1.29,DAA6E749.3F6B2A75.00000000.0306924D.039DE2D4.FDFBF3E2.76F469D1,iTunes/11.0.1 (Windows; (Build 9200)) AppleWebKit/536.27.1,128.61.34.137,,196048537016,03/07/2013,$0.11,$1.40,2013-03-06T15:42:05Z,MHL4NNY5B8,500000028518561,Store Credit,USD,No
405952270,2013-02-19T00:01:39Z,Songs,266075721,Trampled Under Foot,The Warner Music Group,266075192,Mothership (Remastered),$1.29,DAA6E749.3F6B2A75.00000000.0306924D.039DE2D4.FDFBF3E2.76F469D1,iTunes/11.0.1 (Windows; (Build 9200)) AppleWebKit/536.27.1,128.61.46.21,,130048330374,02/19/2013,$0.11,$1.40,2013-02-19T00:01:39Z,MHL4LHKTD5,500000028518561,Store Credit,USD,No
405952270,2013-02-14T22:47:05Z,Songs,175541237,Turn the World Around,Sony Music,175538763,The Essential Harry Belafonte,$0.99,DAA6E749.3F6B2A75.00000000.0306924D.039DE2D4.FDFBF3E2.76F469D1,iTunes/11.0.1 (Windows; (Build 9200)) AppleWebKit/536.27.1,128.61.101.98,,186047494352,02/15/2013,$0.08,$1.07,2013-02-14T22:47:05Z,MHL4KZSGMS,500000028518561,Store Credit,USD,No
405952270,2013-02-12T02:38:50Z,Songs,267976262,That's All,The Warner Music Group,267976201,Genesis (Remastered),$1.29,DAA6E749.3F6B2A75.00000000.0306924D.039DE2D4.FDFBF3E2.76F469D1,iTunes/11.0.1 (Windows; (Build 9200)) AppleWebKit/536.27.1,128.61.101.98,,165047291889,02/12/2013,$0.21,$2.79,2013-02-12T02:32:51Z,MHL4KM2GB9,500000028518561,Store Credit,USD,No
405952270,2013-02-12T02:32:51Z,Songs,510168338,Blown Away,Sony Music,510168255,Blown Away,$1.29,DAA6E749.3F6B2A75.00000000.0306924D.039DE2D4.FDFBF3E2.76F469D1,iTunes/11.0.1 (Windows; (Build 9200)) AppleWebKit/536.27.1,128.61.101.98,,165047291889,02/12/2013,$0.21,$2.79,2013-02-12T02:32:51Z,MHL4KM2GB9,500000028518561,Store Credit,USD,No
405952270,2013-01-23T01:43:59Z,Songs,401136642,Taxman,Project Bastille,401136641,Revolver,$1.29,DAA6E749.3F6B2A75.00000000.0306924D.039DE2D4.FDFBF3E2.76F469D1,iTunes/11.0.1 (Windows; (Build 9200)) AppleWebKit/536.27.1,128.61.101.98,,212046341306,01/26/2013,$0.11,$1.40,2013-01-23T01:43:59Z,MHL4GW4KHD,500000028518561,MasterCard,USD,No
405952270,2012-12-17T23:07:38Z,Songs,535335300,Express Yourself,Sony Music,535335292,Express Yourself - Single,$1.29,384CC960.3F6B2A75.00000000.0306924D.039DE2D4.FDFBF3E2.76F469D1,iTunes/11.0.1 (Windows; (Build 9200)) AppleWebKit/536.27.1,70.138.59.13,,160043768002,12/21/2012,$0.11,$1.40,2012-12-17T23:07:38Z,MHL49GLZMX,500000027407193,MasterCard,USD,No
405952270,2012-11-19T19:02:49Z,Songs,440260606,Sookie Now (feat. David Banner),The Universal Music Group,440260602,R4 the Prequel - EP,$1.29,0026B0DFEBEA,iTunes/10.7 (Macintosh; Intel Mac OS X 10.6.8) AppleWebKit/534.57.2,128.61.101.196,,143042245265,11/22/2012,$0.11,$1.40,2012-11-19T19:02:49Z,MHL45DVH8H,500000007153887,MasterCard,USD,No
405952270,2012-11-18T03:17:00Z,Songs,549182482,Cruise,The Universal Music Group,549182478,It'z Just What We Do - EP,$0.00,0026B0DFEBEA,iTunes/10.7 (Macintosh; Intel Mac OS X 10.6.8) AppleWebKit/534.57.2,128.61.55.131,,177042047025,11/19/2012,$0.00,$0.00,2012-11-18T03:17:00Z,MHL4561V07,500000007153887,MasterCard,USD,No
405952270,2012-09-29T19:35:35Z,Songs,526905393,In My Mind (Axwell Mix),The Warner Music Group,,,$1.29,0026B0DFEBEA,iTunes/10.6.3 (Macintosh; Intel Mac OS X 10.6.8) AppleWebKit/534.57.2,128.61.58.65,,157039800788,10/03/2012,$0.21,$2.79,2012-09-29T19:34:31Z,MHL3YVSQ5T,500000007153887,MasterCard,USD,No
405952270,2012-09-29T19:34:31Z,Songs,563538733,Dont You Worry Dont You Worry Child - Tribute to Swedish House Mafia,Zoningo LLC (formerly WaTunes),,,$1.29,0026B0DFEBEA,iTunes/10.6.3 (Macintosh; Intel Mac OS X 10.6.8) AppleWebKit/534.57.2,128.61.58.65,,157039800788,10/03/2012,$0.21,$2.79,2012-09-29T19:34:31Z,MHL3YVSQ5T,500000007153887,MasterCard,USD,No
405952270,2012-08-09T22:16:52Z,TV Episodes,335269906,Social Psychology,Sony Pictures Entertainment,,,$2.99,0026B0DFEBEA,iTunes/10.6.3 (Macintosh; Intel Mac OS X 10.6.8) AppleWebKit/534.57.2,70.138.59.13,,151037519757,08/09/2012,$0.25,$3.24,2012-08-09T22:16:52Z,MHL3QKJZNV,500000007153887,Store Credit,USD,No
405952270,2012-08-09T14:37:24Z,Songs,207316081,Pickup Man,Sony Music,,,$1.29,0026B0DFEBEA,iTunes/10.6.3 (Macintosh; Intel Mac OS X 10.6.8) AppleWebKit/534.57.2,70.138.59.13,,151037519759,08/09/2012,$0.11,$1.40,2012-08-09T14:37:24Z,MHL3QJG8H9,500000007153887,Store Credit,USD,No
405952270,2012-07-08T03:02:40Z,Songs,330302549,Gimme Three Steps,The Universal Music Group,,,$1.29,0026B0DFEBEA,iTunes/10.6.3 (Macintosh; Intel Mac OS X 10.6.8) AppleWebKit/534.57.2,70.138.59.13,,207035976605,07/08/2012,$0.11,$1.40,2012-07-08T03:02:40Z,MHL3L4WJ89,500000007153887,Store Credit,USD,No
405952270,2012-07-06T18:09:27Z,Songs,418571516,Lights (Single Version),The Universal Music Group,,,$1.29,0026B0DFEBEA,iTunes/10.6.3 (Macintosh; Intel Mac OS X 10.6.8) AppleWebKit/534.57.2,70.138.59.13,,136035988539,07/07/2012,$0.11,$1.40,2012-07-06T18:09:27Z,MHL3L0B08N,500000007153887,Store Credit,USD,No
405952270,2012-07-02T23:46:00Z,Songs,262089480,Black Water,The Warner Music Group,,,$1.29,0026B0DFEBEA,iTunes/10.6.3 (Macintosh; Intel Mac OS X 10.6.8) AppleWebKit/534.57.2,70.138.59.13,,112035395084,07/03/2012,$0.16,$2.14,2012-07-02T23:40:53Z,MHL3KNDD8F,500000007153887,Store Credit,USD,No
405952270,2012-07-02T23:40:53Z,Songs,320452067,American Saturday Night,Sony Music,,,$0.69,0026B0DFEBEA,iTunes/10.6.3 (Macintosh; Intel Mac OS X 10.6.8) AppleWebKit/534.57.2,70.138.59.13,,112035395084,07/03/2012,$0.16,$2.14,2012-07-02T23:40:53Z,MHL3KNDD8F,500000007153887,Store Credit,USD,No
405952270,2012-06-24T04:38:22Z,TV Episodes,516743018,Episode 1,BBC Worldwide,,,$2.99,0026B0DFEBEA,iTunes/10.6.1 (Macintosh; Intel Mac OS X 10.6.8) AppleWebKit/534.55.3,70.138.59.13,,139035262535,06/24/2012,$0.25,$3.24,2012-06-24T04:38:22Z,MHL3JWKWL2,500000007153887,Store Credit,USD,No
405952270,2012-06-09T15:47:42Z,Songs,470944511,Glad You Came,The Universal Music Group,,,$1.29,0026B0DFEBEA,iTunes/10.6.1 (Macintosh; Intel Mac OS X 10.6.8) AppleWebKit/534.55.3,70.138.59.13,,177034565287,06/10/2012,$0.19,$2.47,2012-06-09T15:39:00Z,MHL3HBBV18,500000007153887,Store Credit,USD,No
405952270,2012-06-09T15:39:00Z,Songs,499737980,Shuckin' The Corn,Entertainment One US LP,,,$0.99,0026B0DFEBEA,iTunes/10.6.1 (Macintosh; Intel Mac OS X 10.6.8) AppleWebKit/534.55.3,70.138.59.13,,177034565287,06/10/2012,$0.19,$2.47,2012-06-09T15:39:00Z,MHL3HBBV18,500000007153887,Store Credit,USD,No
405952270,2012-06-04T22:15:59Z,Songs,284317796,Call Me the Breeze,The Universal Music Group,,,$1.29,0026B0DFEBEA,iTunes/10.6.1 (Macintosh; Intel Mac OS X 10.6.8) AppleWebKit/534.55.3,70.138.59.13,,208033950901,06/05/2012,$0.11,$1.40,2012-06-04T22:15:59Z,MHL3GWL26L,500000007153887,Store Credit,USD,No
405952270,2012-05-25T21:03:07Z,Songs,78845155,Foggy Mountain Breakdown,The Orchard Enterprises Inc.,,,$0.99,0026B0DFEBEA,iTunes/10.6.1 (Macintosh; Intel Mac OS X 10.6.8) AppleWebKit/534.55.3,70.138.59.13,,172033784684,05/25/2012,$0.70,$9.24,2012-05-24T22:39:47Z,MHL3FS0ZXG,500000007153887,Store Credit,USD,No
405952270,2012-05-25T21:02:42Z,Songs,411930847,Farewell Blues,X5 Group AB,,,$0.99,0026B0DFEBEA,iTunes/10.6.1 (Macintosh; Intel Mac OS X 10.6.8) AppleWebKit/534.55.3,70.138.59.13,,172033784684,05/25/2012,$0.70,$9.24,2012-05-24T22:39:47Z,MHL3FS0ZXG,500000007153887,Store Credit,USD,No
405952270,2012-05-25T20:51:10Z,Songs,193898243,"Willie, Waylon and Me",Sony Music,,,$0.99,0026B0DFEBEA,iTunes/10.6.1 (Macintosh; Intel Mac OS X 10.6.8) AppleWebKit/534.55.3,70.138.59.13,,172033784684,05/25/2012,$0.70,$9.24,2012-05-24T22:39:47Z,MHL3FS0ZXG,500000007153887,Store Credit,USD,No
405952270,2012-05-25T20:45:34Z,Songs,33831125,"Sangria Wine (Live Edit, 1973 / Luckenbach, TX)",The Universal Music Group,,,$1.29,0026B0DFEBEA,iTunes/10.6.1 (Macintosh; Intel Mac OS X 10.6.8) AppleWebKit/534.55.3,70.138.59.13,,172033784684,05/25/2012,$0.70,$9.24,2012-05-24T22:39:47Z,MHL3FS0ZXG,500000007153887,Store Credit,USD,No
405952270,2012-05-24T22:52:26Z,TV Episodes,480886480,Man Up,MTV Networks - Viacom,,,$2.99,0026B0DFEBEA,iTunes/10.6.1 (Macintosh; Intel Mac OS X 10.6.8) AppleWebKit/534.55.3,70.138.59.13,,172033784684,05/25/2012,$0.70,$9.24,2012-05-24T22:39:47Z,MHL3FS0ZXG,500000007153887,Store Credit,USD,No
405952270,2012-05-24T22:39:47Z,Songs,448973409,Even If It Breaks Your Heart,The Universal Music Group,,,$1.29,0026B0DFEBEA,iTunes/10.6.1 (Macintosh; Intel Mac OS X 10.6.8) AppleWebKit/534.55.3,70.138.59.13,,172033784684,05/25/2012,$0.70,$9.24,2012-05-24T22:39:47Z,MHL3FS0ZXG,500000007153887,Store Credit,USD,No
405952270,2012-05-12T22:06:02Z,TV Episodes,495202978,Back to Where You've Never Been,Warner Bros. Entertainment Inc.,,,$2.99,0026B0DFEBEA,iTunes/10.6.1 (Macintosh; Intel Mac OS X 10.6.8) AppleWebKit/534.55.3,70.138.59.13,,124033395378,05/16/2012,$0.25,$3.24,2012-05-12T22:06:02Z,MHL3DJ4W6X,500000007153887,MasterCard,USD,No
405952270,2012-05-05T12:27:40Z,TV Episodes,286227448,Gotcha!,"Warner Bros. Home Entertainment, Inc.",,,$2.99,0026B0DFEBEA,iTunes/10.6.1 (Macintosh; Intel Mac OS X 10.6.8) AppleWebKit/534.55.3,143.215.115.250,,135033065887,05/08/2012,$0.25,$3.24,2012-05-05T12:27:40Z,MHL3BT9Z5G,500000007153887,MasterCard,USD,No
405952270,2012-04-24T20:32:33Z,Songs,268952341,Mountain Dew,Smithsonian Folkways Recordings,,,$0.99,0026B0DFEBEA,iTunes/10.6.1 (Macintosh; Intel Mac OS X 10.6.8) AppleWebKit/534.55.3,143.215.120.32,,142032553590,04/28/2012,$0.08,$1.07,2012-04-24T20:32:33Z,MHL39KNT39,500000007153887,MasterCard,USD,No
405952270,2012-04-02T01:34:12Z,Songs,504709664,Call Me Maybe,The Universal Music Group,,,$1.29,0026B0DFEBEA,iTunes/10.6 (Macintosh; Intel Mac OS X 10.6.8) AppleWebKit/534.55.3,128.61.69.143,,132031326857,04/05/2012,$0.11,$1.40,2012-04-02T01:34:12Z,MHL37504XH,500000007153887,MasterCard,USD,No
405952270,2012-03-15T04:30:30Z,Songs,23534382,Days Go By,DO NOT USE - EMI Music,,,$1.29,0026B0DFEBEA,iTunes/10.5.3 (Macintosh; Intel Mac OS X 10.6.8) AppleWebKit/534.52.7,128.61.69.143,,153030689972,03/18/2012,$0.11,$1.40,2012-03-15T04:30:30Z,MHL35453K3,500000007153887,MasterCard,USD,No
405952270,2012-02-29T21:09:44Z,Songs,99159630,Guilty Conscience,The Universal Music Group,,,$1.29,0026B0DFEBEA,iTunes/10.5.3 (Macintosh; Intel Mac OS X 10.6.8) AppleWebKit/534.52.7,128.61.69.143,,126030456639,03/04/2012,$0.11,$1.40,2012-02-29T21:09:44Z,MHL33T1FZZ,500000007153887,MasterCard,USD,No
405952270,2012-02-12T05:13:48Z,Songs,265088952,To the Top,Decon,,,$0.99,0026B0DFEBEA,iTunes/10.5.3 (Macintosh; Intel Mac OS X 10.6.8) AppleWebKit/534.52.7,128.61.69.143,,140029463739,02/15/2012,$0.08,$1.07,2012-02-12T05:13:48Z,MHL327Z3M0,500000007153887,MasterCard,USD,No
405952270,2012-02-05T19:37:56Z,Songs,121546179,On and On,Rebel Records,,,$0.99,0026B0DFEBEA,iTunes/10.5.3 (Macintosh; Intel Mac OS X 10.6.8) AppleWebKit/534.52.7,128.61.69.143,,203029015487,02/08/2012,$0.08,$1.07,2012-02-05T19:37:56Z,MHL31QKGG6,500000007153887,MasterCard,USD,No
405952270,2012-01-13T19:53:46Z,Songs,203941460,Get Rhythm,Sony Music,,,$1.29,0026B0DFEBEA,iTunes/10.5.2 (Macintosh; Intel Mac OS X 10.6.8) AppleWebKit/534.52.7,128.61.69.143,,127028226244,01/16/2012,$0.11,$1.40,2012-01-13T19:53:46Z,MHL3005FMZ,500000007153887,MasterCard,USD,No
405952270,2012-01-02T00:30:41Z,Songs,447845393,The Matrix,Isolation Network / Ingrooves,,,$1.29,0026B0DFEBEA,iTunes/10.5.2 (Macintosh; Intel Mac OS X 10.6.8) AppleWebKit/534.52.7,70.138.59.13,,186027985541,01/05/2012,$0.11,$1.40,2012-01-02T00:30:41Z,MHL2Z7FL68,500000007153887,MasterCard,USD,No
405952270,2011-12-04T06:42:29Z,Songs,456127779,Here for a Good Time,The Universal Music Group,,,$1.29,0026B0DFEBEA,iTunes/10.5.1 (Macintosh; Intel Mac OS X 10.6.8) AppleWebKit/534.51.22,143.215.118.37,,119026246174,12/07/2011,$0.29,$3.86,2011-12-04T06:33:43Z,MHL2XDGTVZ,140000035251606,MasterCard,USD,No
405952270,2011-12-04T06:37:57Z,Songs,386961822,Callin' Baton Rouge,"TuneCore, Inc",,,$0.99,0026B0DFEBEA,iTunes/10.5.1 (Macintosh; Intel Mac OS X 10.6.8) AppleWebKit/534.51.22,143.215.118.37,,119026246174,12/07/2011,$0.29,$3.86,2011-12-04T06:33:43Z,MHL2XDGTVZ,140000035251606,MasterCard,USD,No
405952270,2011-12-04T06:33:43Z,Songs,469517997,Red Solo Cup,The Universal Music Group,,,$1.29,0026B0DFEBEA,iTunes/10.5.1 (Macintosh; Intel Mac OS X 10.6.8) AppleWebKit/534.51.22,143.215.118.37,,119026246174,12/07/2011,$0.29,$3.86,2011-12-04T06:33:43Z,MHL2XDGTVZ,140000035251606,MasterCard,USD,No
405952270,2011-11-22T02:26:50Z,Songs,458839430,Good Feeling,The Warner Music Group,,,$1.29,0026B0DFEBEA,iTunes/10.5.1 (Macintosh; Intel Mac OS X 10.6.8) AppleWebKit/534.51.22,143.215.117.30,,144025449374,11/23/2011,$0.21,$2.79,2011-11-19T21:29:12Z,M3NTWGT3TL,140000035251606,MasterCard,USD,No
405952270,2011-11-19T21:29:12Z,Songs,14090344,Gimme Some Lovin',DO NOT USE - EMI Music,,,$1.29,0026B0DFEBEA,iTunes/10.5.1 (Macintosh; Intel Mac OS X 10.6.8) AppleWebKit/534.51.22,143.215.117.30,,144025449374,11/23/2011,$0.21,$2.79,2011-11-19T21:29:12Z,M3NTWGT3TL,140000035251606,MasterCard,USD,No
405952270,2011-10-20T22:46:15Z,Songs,353859788,"All I Do Is Win (feat. T-Pain, Ludacris, Snoop Dogg & Rick Ross)",Entertainment One US LP,,,$1.29,0026B0DFEBEA,iTunes/10.5 (Macintosh; Intel Mac OS X 10.6.8) AppleWebKit/534.51.22,143.215.117.19,,201024195364,10/24/2011,$0.11,$1.40,2011-10-20T22:46:15Z,M3NTNZ9N31,140000035251606,MasterCard,USD,No
405952270,2011-10-19T03:31:45Z,Songs,75404479,"Milwaukee, Here I Come",CD Baby / Hit Media,,,$0.99,0026B0DFEBEA,iTunes/10.5 (Macintosh; Intel Mac OS X 10.6.8) AppleWebKit/534.51.22,128.61.114.73,,125024193155,10/20/2011,$0.16,$2.14,2011-10-17T03:21:55Z,M3NTN6F199,140000035251606,MasterCard,USD,No
405952270,2011-10-17T03:21:55Z,Songs,185988874,If That Ain't Country,Sony Music,,,$0.99,0026B0DFEBEA,iTunes/10.4.1 (Macintosh; Intel Mac OS X 10.6.8) AppleWebKit/534.50,70.138.59.13,,125024193155,10/20/2011,$0.16,$2.14,2011-10-17T03:21:55Z,M3NTN6F199,140000035251606,MasterCard,USD,No
405952270,2011-09-27T01:24:43Z,Songs,448105861,Homeboy,DO NOT USE - EMI Music,,,$1.29,0026B0DFEBEA,iTunes/10.4.1 (Macintosh; Intel Mac OS X 10.6.8) AppleWebKit/534.50,128.61.119.218,,209023324700,09/30/2011,$0.11,$1.40,2011-09-27T01:24:43Z,M3NTJB4SFL,140000035251606,MasterCard,USD,No
405952270,2011-08-15T02:29:52Z,Songs,378964342,Swingtown,DO NOT USE - EMI Music,,,$1.29,0026B0DFEBEA,iTunes/10.4 (Macintosh; Intel Mac OS X 10.6.8) AppleWebKit/534.50,70.138.59.13,,141022036933,08/18/2011,$0.11,$1.40,2011-08-15T02:29:52Z,M3NT8K1VQK,140000035251606,MasterCard,USD,No
405952270,2011-07-06T22:21:19Z,Songs,400835987,Get Back,Project Bastille,,,$1.29,0026B0DFEBEA,iTunes/10.3.1 (Macintosh; Intel Mac OS X 10.6.7) AppleWebKit/533.21.1,70.138.59.13,,117021105485,07/10/2011,$0.10,$1.39,2011-07-06T22:21:19Z,M3NT2Z3FJN,140000035251606,MasterCard,USD,No
405952270,2011-07-02T03:19:04Z,Songs,424853660,Tonight Tonight,Sony Music,,,$1.29,0026B0DFEBEA,iTunes/10.3.1 (Macintosh; Intel Mac OS X 10.6.7) AppleWebKit/533.21.1,70.138.59.13,,152020489026,07/05/2011,$0.10,$1.39,2011-07-02T03:19:04Z,M3NT2HYL8Q,140000035251606,MasterCard,USD,No
405952270,2011-06-24T16:40:39Z,Songs,129535026,Cotton Fields,The Universal Music Group,,,$0.99,0026B0DFEBEA,iTunes/10.3.1 (Macintosh; Intel Mac OS X 10.6.7) AppleWebKit/533.21.1,70.138.59.13,,165020425793,06/27/2011,$0.08,$1.07,2011-06-24T16:40:39Z,M3NT22JFYY,140000035251606,MasterCard,USD,No
405952270,2011-04-09T18:14:16Z,TV Episodes,286225903,Manic Monday,"Warner Bros. Home Entertainment, Inc.",,,$1.99,0026B0DFEBEA,iTunes/10.2.1 (Macintosh; Intel Mac OS X 10.6.6) AppleWebKit/533.20.25,70.138.59.13,,156017931654,04/12/2011,$0.12,$2.11,2011-04-09T18:14:16Z,M3NSXGD78Y,140000035251606,MasterCard,USD,No
405952270,2011-04-05T02:45:32Z,TV Episodes,286225256,Less Than 30,"Warner Bros. Home Entertainment, Inc.",,,$1.99,0026B0DFEBEA,iTunes/10.2.1 (Macintosh; Intel Mac OS X 10.6.6) AppleWebKit/533.20.25,70.138.59.13,,195017640174,04/05/2011,$0.25,$4.23,2011-04-02T14:24:56Z,M3NSX49SLS,140000035251606,MasterCard,USD,No
405952270,2011-04-02T14:24:56Z,TV Episodes,286221706,"Vegas Baby, Vegas!","Warner Bros. Home Entertainment, Inc.",,,$1.99,0026B0DFEBEA,iTunes/10.2.1 (Macintosh; Intel Mac OS X 10.6.6) AppleWebKit/533.20.25,70.138.59.13,,195017640174,04/05/2011,$0.25,$4.23,2011-04-02T14:24:56Z,M3NSX49SLS,140000035251606,MasterCard,USD,No
405952270,2011-03-25T22:32:35Z,TV Episodes,286228598,The Bat Mitzvah,"Warner Bros. Home Entertainment, Inc.",,,$1.99,0026B0DFEBEA,iTunes/10.2.1 (Macintosh; Intel Mac OS X 10.6.6) AppleWebKit/533.20.25,70.138.59.13,,198017210485,03/26/2011,$0.25,$4.23,2011-03-22T23:39:21Z,M3NSWNDYBT,140000035251606,MasterCard,USD,No
405952270,2011-03-22T23:39:21Z,TV Episodes,286225431,Neighbors,"Warner Bros. Home Entertainment, Inc.",,,$1.99,0026B0DFEBEA,iTunes/10.2.1 (Macintosh; Intel Mac OS X 10.6.6) AppleWebKit/533.20.25,70.138.59.13,,198017210485,03/26/2011,$0.25,$4.23,2011-03-22T23:39:21Z,M3NSWNDYBT,140000035251606,MasterCard,USD,No
